"COG","SOG","Timestamp","Longitude","Latitude","MMSI","RouteName","Type"
"316.4","0.0","Mon Apr 30 12:16:21 CST 2018","121.89667333333334","38.99920333333333","413705350","POs0ENs0","机动船在航"
"332.3","0.0","Mon Apr 30 12:17:12 CST 2018","121.89667166666666","38.999205","413705350","POs0ENs0","机动船在航"
"98.8","18.4","Mon Apr 30 08:00:02 CST 2018","120.58590666666667","38.57890833333333","212352000","POs0ENs0","机动船在航"
"98.8","18.4","Mon Apr 30 08:00:03 CST 2018","120.58590666666667","38.57890833333333","212352000","POs0ENs0","机动船在航"
"145.7","12.6","Mon Apr 30 08:03:27 CST 2018","123.22268833333334","37.79049","255806132","POs0ENs0","机动船在航"
"145.9","12.6","Mon Apr 30 08:09:46 CST 2018","123.23884","37.77243","255806132","POs0ENs0","机动船在航"
"17.7","1.2","Mon Apr 30 08:36:09 CST 2018","121.91922","40.328363333333336","412209130","POs0ENs0","在航"
"58.2","1.8","Mon Apr 30 09:08:33 CST 2018","121.92028333333332","40.329096666666665","412209130","POs0ENs0","机动船在航"
"239.9","2.8","Mon Apr 30 09:20:13 CST 2018","121.58767833333332","36.531115","200026928","POs0ENs0","机动船在航"
"256.1","2.7","Mon Apr 30 09:25:01 CST 2018","121.5833","36.530546666666666","200026928","POs0ENs0","机动船在航"
"143.2","2.0","Mon Apr 30 12:35:57 CST 2018","119.82975166666668","39.789815","414085000","POs0ENs0","在航"
"143.2","2.0","Mon Apr 30 12:36:00 CST 2018","119.82975166666668","39.789815","414085000","POs0ENs0","在航"
"354.0","10.6","Mon Apr 30 08:27:50 CST 2018","123.64171666666668","35.001583333333336","538003953","POs0ENs0","机动船在航"
"354.0","10.6","Mon Apr 30 08:28:00 CST 2018","123.64166666666668","35.00203333333334","538003953","POs0ENs0","机动船在航"
"347.7","0.0","Mon Apr 30 13:56:22 CST 2018","119.42104166666668","35.113748333333334","636018314","POs0ENs0","机动船在航"
"347.7","0.0","Mon Apr 30 13:56:23 CST 2018","119.42104166666668","35.113748333333334","636018314","POs0ENs0","机动船在航"
"242.5","3.7","Mon Apr 30 08:01:10 CST 2018","118.36196666666666","38.406063333333336","412763040","POs0ENs0","机动船在航"
"237.8","3.8","Mon Apr 30 08:10:00 CST 2018","118.35129","38.40175166666667","412763040","POs0ENs0","机动船在航"
"5.1","10.7","Mon Apr 30 08:00:01 CST 2018","122.89063333333333","36.17143833333333","413700280","POs0ENs0","机动船在航"
"6.2","10.6","Mon Apr 30 08:01:13 CST 2018","122.89083833333332","36.17303166666667","413700280","POs0ENs0","机动船在航"
"103.2","0.0","Mon Apr 30 08:12:04 CST 2018","120.73794333333332","37.821893333333335","414173075","POs0ENs0","机动船在航"
"110.6","0.0","Mon Apr 30 08:31:55 CST 2018","120.731575","37.82664666666667","414173075","POs0ENs0","机动船在航"
"23.0","0.1","Mon Apr 30 08:00:45 CST 2018","118.45446666666666","38.95098333333333","413271440","POs0ENs0","机动船在航"
"21.2","0.1","Mon Apr 30 08:05:14 CST 2018","118.45443333333333","38.95098333333333","413271440","POs0ENs0","机动船在航"
"75.1","5.9","Mon Apr 30 11:15:08 CST 2018","124.7715","38.6049","445254000","POs0ENs0","机动船在航"
"91.4","5.5","Mon Apr 30 11:28:38 CST 2018","124.79777","38.60741166666666","445254000","POs0ENs0","机动船在航"
"123.1","0.0","Mon Apr 30 08:00:00 CST 2018","122.09171","40.28358833333333","412001430","POs0ENs0","机动船在航"
"123.1","0.0","Mon Apr 30 08:00:01 CST 2018","122.09171","40.28358833333333","412001430","POs0ENs0","机动船在航"
"0.9","0.0","Mon Apr 30 14:05:16 CST 2018","122.26692666666666","40.707135","413406940","POs0ENs0","机动船在航"
"263.0","0.5","Mon Apr 30 14:10:06 CST 2018","122.26663","40.70702666666666","413406940","POs0ENs0","机动船在航"
"193.6","2.0","Mon Apr 30 08:55:13 CST 2018","119.537885","35.36731833333333","372572000","POs0ENs0","在航"
"193.6","2.0","Mon Apr 30 08:55:17 CST 2018","119.537885","35.36731833333333","372572000","POs0ENs0","在航"
"166.0","0.2","Mon Apr 30 08:00:05 CST 2018","119.53669333333332","35.37779333333334","412020230","POs0ENs0","机动船在航"
"152.5","0.2","Mon Apr 30 08:00:23 CST 2018","119.53669333333332","35.3778","412020230","POs0ENs0","机动船在航"
"325.0","9.8","Mon Apr 30 08:17:20 CST 2018","122.11098333333334","38.3378","412330070","POs0ENs0","机动船在航"
"325.0","9.7","Mon Apr 30 08:24:54 CST 2018","122.09526666666666","38.35433333333334","412330070","POs0ENs0","机动船在航"
"297.4","0.0","Mon Apr 30 08:00:08 CST 2018","119.55511333333334","35.403151666666666","412332350","POs0ENs0","机动船在航"
"297.4","0.0","Mon Apr 30 08:07:29 CST 2018","119.555125","35.40316","412332350","POs0ENs0","机动船在航"
"46.4","9.3","Mon Apr 30 08:00:00 CST 2018","120.61840333333332","39.80069666666667","413021110","POs0ENs0","机动船在航"
"46.2","9.3","Mon Apr 30 08:00:10 CST 2018","120.618775","39.80095833333333","413021110","POs0ENs0","机动船在航"
"178.2","2.4","Mon Apr 30 08:21:45 CST 2018","120.70733","38.36627","412215002","POs0ENs0","机动船在航"
"129.5","2.7","Mon Apr 30 08:26:23 CST 2018","120.708785","38.36335666666667","412215002","POs0ENs0","机动船在航"
"359.7","3.2","Mon Apr 30 12:06:21 CST 2018","120.31249666666666","37.64288833333333","412301860","POs0ENs0","在航"
"359.7","3.2","Mon Apr 30 12:06:22 CST 2018","120.31249666666666","37.64288833333333","412301860","POs0ENs0","在航"
"56.0","0.9","Mon Apr 30 09:27:07 CST 2018","121.76983333333334","40.30383333333333","413166000","POs0ENs0","机动船在航"
"57.0","0.6","Mon Apr 30 09:27:17 CST 2018","121.76983333333334","40.30383333333333","413166000","POs0ENs0","机动船在航"
"302.9","10.8","Mon Apr 30 09:59:35 CST 2018","119.31846666666668","38.608383333333336","413750000","POs0ENs0","机动船在航"
"301.5","10.9","Mon Apr 30 10:01:45 CST 2018","119.31136666666669","38.61193333333333","413750000","POs0ENs0","机动船在航"
"164.0","0.0","Mon Apr 30 08:30:58 CST 2018","119.111545","39.185188333333336","413851000","POs0ENs0","机动船在航"
"134.3","0.7","Mon Apr 30 08:40:08 CST 2018","119.11105166666668","39.18598833333333","413851000","POs0ENs0","机动船在航"
"128.4","9.0","Mon Apr 30 15:43:43 CST 2018","122.15257333333334","37.79594166666666","414511288","POs0ENs0","机动船在航"
"128.4","9.0","Mon Apr 30 15:43:45 CST 2018","122.15257333333334","37.79594166666666","414511288","POs0ENs0","机动船在航"
"208.1","11.5","Mon Apr 30 08:00:00 CST 2018","121.32598666666668","40.51316833333333","413000017","POs0ENs0","机动船在航"
"208.5","10.2","Mon Apr 30 08:01:01 CST 2018","121.324195","40.510693333333336","413000017","POs0ENs0","机动船在航"
"25.2","1.5","Mon Apr 30 08:00:11 CST 2018","117.72204666666669","38.98623333333333","413301280","POs0ENs0","机动船在航"
"25.4","1.2","Mon Apr 30 08:00:17 CST 2018","117.72207166666666","38.986275","413301280","POs0ENs0","机动船在航"
"50.8","10.1","Mon Apr 30 10:48:43 CST 2018","120.482465","35.04810833333333","413357750","POs0ENs0","机动船在航"
"48.7","10.0","Mon Apr 30 12:15:03 CST 2018","120.71116333333332","35.199421666666666","413357750","POs0ENs0","机动船在航"
"343.3","0.0","Mon Apr 30 08:05:39 CST 2018","120.10594666666668","40.08082","413362470","POs0ENs0","机动船在航"
"288.4","0.0","Mon Apr 30 08:05:41 CST 2018","120.10594666666668","40.08082","413362470","POs0ENs0","机动船在航"
"132.4","14.6","Mon Apr 30 08:00:08 CST 2018","121.38493166666666","35.32185","564337000","POs0ENs0","机动船在航"
"132.4","14.6","Mon Apr 30 08:01:53 CST 2018","121.39147666666666","35.316955","564337000","POs0ENs0","机动船在航"
"105.8","0.0","Mon Apr 30 10:55:00 CST 2018","118.56633333333332","39.103883333333336","413374480","POs0ENs0","机动船在航"
"249.7","0.6","Mon Apr 30 11:00:00 CST 2018","118.56606666666669","39.10365","413374480","POs0ENs0","机动船在航"
"136.7","9.0","Mon Apr 30 08:40:24 CST 2018","120.093285","39.375755","413705490","POs0ENs0","机动船在航"
"140.6","9.2","Mon Apr 30 09:14:05 CST 2018","120.168175","39.31373666666666","413705490","POs0ENs0","机动船在航"
"166.7","13.2","Mon Apr 30 08:00:01 CST 2018","121.97331166666666","40.68996833333333","412208580","POs0ENs0","帆船在航"
"167.1","13.1","Mon Apr 30 08:00:08 CST 2018","121.97345833333334","40.689418333333336","412208580","POs0ENs0","帆船在航"
"20.0","0.0","Mon Apr 30 08:00:08 CST 2018","121.4417","40.674933333333335","412301050","POs0ENs0","机动船在航"
"20.0","0.0","Mon Apr 30 08:00:18 CST 2018","121.4417","40.674933333333335","412301050","POs0ENs0","机动船在航"
"228.1","0.0","Mon Apr 30 08:00:03 CST 2018","120.20025833333334","37.655305","412374030","POs0ENs0","机动船在航"
"228.1","0.0","Mon Apr 30 08:00:04 CST 2018","120.20025833333334","37.655305","412374030","POs0ENs0","机动船在航"
"67.0","0.0","Mon Apr 30 08:00:00 CST 2018","118.235205","38.92015","412439330","POs0ENs0","机动船在航"
"306.7","0.1","Mon Apr 30 08:05:06 CST 2018","118.23511666666668","38.920125","412439330","POs0ENs0","机动船在航"
"73.3","6.9","Mon Apr 30 08:00:03 CST 2018","119.66035666666669","39.81641","413304020","POs0ENs0","机动船在航"
"73.3","6.9","Mon Apr 30 08:00:05 CST 2018","119.66035666666669","39.81641","413304020","POs0ENs0","机动船在航"
"275.7","0.0","Mon Apr 30 10:31:22 CST 2018","118.40354833333332","38.99098","413352060","POs0ENs0","机动船在航"
"275.7","0.0","Mon Apr 30 10:35:04 CST 2018","118.40355333333332","38.99097833333333","413352060","POs0ENs0","机动船在航"
"360.0","0.0","Mon Apr 30 08:04:44 CST 2018","119.42483333333334","35.16204166666667","413358890","POs0ENs0","机动船在航"
"360.0","0.0","Mon Apr 30 08:04:48 CST 2018","119.42483333333334","35.16204166666667","413358890","POs0ENs0","机动船在航"
"248.7","0.0","Mon Apr 30 09:11:29 CST 2018","119.69668","39.931695","413702140","POs0ENs0","机动船在航"
"248.7","0.0","Mon Apr 30 09:11:31 CST 2018","119.69668","39.931695","413702140","POs0ENs0","机动船在航"
"101.7","4.7","Mon Apr 30 08:00:19 CST 2018","119.46192","35.09575666666667","413357520","POs0ENs0","机动船在航"
"88.4","4.2","Mon Apr 30 08:05:39 CST 2018","119.46988","35.09482","413357520","POs0ENs0","机动船在航"
"208.2","0.8","Mon Apr 30 13:25:37 CST 2018","120.03777666666667","35.103645","566721000","POs0ENs0","机动船在航"
"192.1","1.9","Mon Apr 30 13:30:37 CST 2018","120.03765333333334","35.10186","566721000","POs0ENs0","机动船在航"
"109.4","3.5","Mon Apr 30 08:00:09 CST 2018","119.66762666666666","39.93542166666667","412011360","POs0ENs0","机动船在航"
"109.4","3.5","Mon Apr 30 08:00:11 CST 2018","119.66762666666666","39.93542166666667","412011360","POs0ENs0","机动船在航"
"212.1","0.0","Mon Apr 30 08:50:06 CST 2018","118.959885","38.09158","413200690","POs0ENs0","机动船在航"
"229.3","0.0","Mon Apr 30 08:55:06 CST 2018","118.95995166666668","38.09162666666667","413200690","POs0ENs0","机动船在航"
"344.1","0.8","Mon Apr 30 09:35:15 CST 2018","119.58273","39.903686666666665","413698570","POs0ENs0","机动船在航"
"344.1","0.8","Mon Apr 30 09:35:16 CST 2018","119.58273","39.903686666666665","413698570","POs0ENs0","机动船在航"
"132.0","9.9","Mon Apr 30 08:00:16 CST 2018","117.80333333333331","38.972","563680000","POs0ENs0","机动船在航"
"104.0","12.7","Mon Apr 30 08:07:17 CST 2018","117.822","38.965833333333336","563680000","POs0ENs0","机动船在航"
"241.7","2.9","Mon Apr 30 09:40:40 CST 2018","119.38941666666666","35.07799333333333","412328760","POs0ENs0","在航"
"81.0","9.7","Mon Apr 30 09:45:19 CST 2018","119.38942166666666","35.07177166666666","412328760","POs0ENs0","在航"
"23.4","2.5","Mon Apr 30 12:40:53 CST 2018","117.87282","38.35094","413272390","POs0ENs0","在航"
"30.9","10.2","Mon Apr 30 12:43:52 CST 2018","117.87250166666666","38.35653","413272390","POs0ENs0","在航"
"360.0","102.3","Mon Apr 30 08:01:26 CST 2018","119.81714","39.855086666666665","413439790","POs0ENs0","在航"
"360.0","102.3","Mon Apr 30 08:02:22 CST 2018","119.817305","39.855093333333336","413439790","POs0ENs0","在航"
"242.5","0.1","Mon Apr 30 08:02:17 CST 2018","120.01584333333334","39.927","900035325","POs0ENs0","失控"
"300.7","0.1","Mon Apr 30 08:06:55 CST 2018","120.015745","39.927038333333336","900035325","POs0ENs0","失控"
"186.3","0.7","Mon Apr 30 15:45:30 CST 2018","119.86206666666666","35.46861666666667","413359060","POs0ENs0","机动船在航"
"1.6","2.8","Mon Apr 30 15:50:10 CST 2018","119.86366666666666","35.4687","413359060","POs0ENs0","机动船在航"
"206.0","0.0","Mon Apr 30 14:29:20 CST 2018","117.8787","38.3287","414059000","POs0ENs0","机动船在航"
"206.0","0.0","Mon Apr 30 14:29:31 CST 2018","117.8787","38.328716666666665","414059000","POs0ENs0","机动船在航"
"269.0","1.1","Mon Apr 30 08:07:10 CST 2018","124.9266","36.6385","636013812","POs0ENs0","机动船在航"
"268.0","1.1","Mon Apr 30 08:10:21 CST 2018","124.9253","36.63845","636013812","POs0ENs0","机动船在航"
"0.0","0.0","Mon Apr 30 10:22:45 CST 2018","124.144975","39.817191666666666","413202770","POs0ENs0","机动船在航"
"0.0","0.0","Mon Apr 30 13:22:54 CST 2018","124.144975","39.817191666666666","413202770","POs0ENs0","机动船在航"
"8.1","0.0","Mon Apr 30 12:05:04 CST 2018","121.37990666666668","37.58343666666666","413556760","POs0ENs0","机动船在航"
"8.1","0.0","Mon Apr 30 12:05:13 CST 2018","121.37990666666668","37.58343666666666","413556760","POs0ENs0","机动船在航"
"138.5","0.7","Mon Apr 30 13:48:26 CST 2018","119.73118666666667","35.316536666666664","414373000","POs0ENs0","机动船在航"
"139.0","0.6","Mon Apr 30 13:49:05 CST 2018","119.73126666666668","35.31645666666667","414373000","POs0ENs0","机动船在航"
"303.3","0.1","Mon Apr 30 08:00:46 CST 2018","117.78804666666667","38.97364666666667","413001810","POs0ENs0","机动船在航"
"303.3","0.1","Mon Apr 30 08:04:54 CST 2018","117.78804666666667","38.97363833333333","413001810","POs0ENs0","机动船在航"
"306.6","0.0","Mon Apr 30 08:00:09 CST 2018","117.757125","38.97895833333333","413302410","POs0ENs0","机动船在航"
"306.6","0.0","Mon Apr 30 08:05:00 CST 2018","117.75712333333334","38.97895166666667","413302410","POs0ENs0","机动船在航"
"113.1","1.3","Mon Apr 30 13:31:06 CST 2018","119.12418166666669","38.13196666666666","413325190","POs0ENs0","在航"
"13.5","3.4","Mon Apr 30 13:36:33 CST 2018","119.12595","38.13255","413325190","POs0ENs0","在航"
"32.3","0.1","Mon Apr 30 08:00:39 CST 2018","119.40503333333334","35.12461666666667","413328220","POs0ENs0","机动船在航"
"17.3","0.0","Mon Apr 30 08:16:19 CST 2018","119.40506333333332","35.12464","413328220","POs0ENs0","机动船在航"
"229.0","8.9","Mon Apr 30 08:00:13 CST 2018","119.84730333333331","37.721273333333336","413329340","POs0ENs0","机动船在航"
"227.4","8.9","Mon Apr 30 08:00:22 CST 2018","119.84686166666668","37.720975","413329340","POs0ENs0","机动船在航"
"288.2","0.0","Mon Apr 30 11:12:00 CST 2018","121.12075833333331","40.713115","413697920","POs0ENs0","机动船在航"
"290.6","0.0","Mon Apr 30 11:12:20 CST 2018","121.12075","40.71310833333333","413697920","POs0ENs0","机动船在航"
"218.6","1.9","Mon Apr 30 08:00:38 CST 2018","121.71376166666668","38.419851666666666","477030800","POs0ENs0","机动船在航"
"219.2","1.8","Mon Apr 30 08:01:27 CST 2018","121.71343166666666","38.41951666666667","477030800","POs0ENs0","机动船在航"
"216.2","1.1","Mon Apr 30 13:11:41 CST 2018","121.42381166666668","40.034765","636092174","POs0ENs0","在航"
"214.7","1.2","Mon Apr 30 13:41:42 CST 2018","121.42385833333331","40.034935","636092174","POs0ENs0","在航"
"299.0","11.0","Mon Apr 30 08:00:15 CST 2018","119.68285","38.36691666666667","412035000","POs0ENs0","机动船在航"
"298.0","11.0","Mon Apr 30 08:01:14 CST 2018","119.67941666666668","38.36838333333333","412035000","POs0ENs0","机动船在航"
"268.8","1.6","Mon Apr 30 09:50:08 CST 2018","119.62556","35.07908166666667","412480470","POs0ENs0","在航"
"236.1","11.3","Mon Apr 30 09:55:38 CST 2018","119.61438666666666","35.07316333333333","412480470","POs0ENs0","在航"
"176.3","5.7","Mon Apr 30 08:04:03 CST 2018","120.30126666666666","36.050626666666666","413110110","POs0ENs0","机动船在航"
"77.8","6.7","Mon Apr 30 08:05:23 CST 2018","120.30352","36.04991","413110110","POs0ENs0","机动船在航"
"323.3","2.9","Mon Apr 30 13:55:03 CST 2018","117.846815","38.26589833333333","413435250","POs0ENs0","在航"
"323.3","2.9","Mon Apr 30 13:55:12 CST 2018","117.846815","38.26589833333333","413435250","POs0ENs0","在航"
"151.5","0.6","Mon Apr 30 13:59:22 CST 2018","121.87637333333332","40.34748666666667","440819000","POs0ENs0","机动船在航"
"151.1","0.6","Mon Apr 30 13:59:33 CST 2018","121.87639333333334","40.34746333333333","440819000","POs0ENs0","机动船在航"
"237.9","7.4","Mon Apr 30 08:00:28 CST 2018","121.73573333333331","40.238933333333335","412938618","POs0ENs0","机动船在航"
"232.0","7.5","Mon Apr 30 08:03:25 CST 2018","121.72913333333334","40.235283333333335","412938618","POs0ENs0","机动船在航"
"142.4","0.0","Mon Apr 30 11:17:55 CST 2018","119.53405333333332","35.36837666666667","412427610","POs0ENs0","机动船在航"
"53.4","0.0","Mon Apr 30 11:20:15 CST 2018","119.53401","35.36837","412427610","POs0ENs0","机动船在航"
"33.4","0.4","Mon Apr 30 09:45:05 CST 2018","118.19465833333334","38.41946833333333","413453610","POs0ENs0","机动船在航"
"57.2","0.3","Mon Apr 30 09:49:14 CST 2018","118.19504166666668","38.419756666666665","413453610","POs0ENs0","机动船在航"
"110.6","7.3","Mon Apr 30 09:55:02 CST 2018","122.79564166666668","37.866038333333336","415678900","POs0ENs0","机动船在航"
"158.4","0.2","Mon Apr 30 10:05:20 CST 2018","122.80736833333332","37.85801666666666","415678900","POs0ENs0","机动船在航"
"343.2","0.0","Mon Apr 30 12:20:01 CST 2018","118.45844166666669","38.947575","412053000","POs0ENs0","机动船在航"
"33.4","0.0","Mon Apr 30 12:25:13 CST 2018","118.45844833333334","38.94753666666666","412053000","POs0ENs0","机动船在航"
"0.0","0.0","Mon Apr 30 14:09:26 CST 2018","117.75970166666669","38.947896666666665","312455000","POs0ENs0","机动船在航"
"0.0","0.0","Mon Apr 30 14:11:15 CST 2018","117.75970333333332","38.94789333333333","312455000","POs0ENs0","机动船在航"
"343.1","6.1","Mon Apr 30 08:00:50 CST 2018","119.54375333333331","35.358223333333335","412330330","POs0ENs0","机动船在航"
"348.1","7.2","Mon Apr 30 08:01:00 CST 2018","119.54366666666668","35.358556666666665","412330330","POs0ENs0","机动船在航"
"0.0","0.0","Mon Apr 30 08:00:03 CST 2018","119.654085","39.928333333333335","412011070","POs0ENs0","机动船在航"
"0.0","0.0","Mon Apr 30 08:00:14 CST 2018","119.65408666666669","39.928345","412011070","POs0ENs0","机动船在航"
"325.0","1.2","Mon Apr 30 10:00:06 CST 2018","118.21925","38.403083333333335","413332320","POs0ENs0","在航"
"338.0","1.2","Mon Apr 30 10:15:07 CST 2018","118.21906666666666","38.40303333333333","413332320","POs0ENs0","在航"
"118.7","0.0","Mon Apr 30 08:39:18 CST 2018","121.69157166666666","38.97564","413424860","POs0ENs0","机动船在航"
"118.7","0.0","Mon Apr 30 08:40:38 CST 2018","121.69146333333332","38.97568666666667","413424860","POs0ENs0","机动船在航"
"350.8","0.0","Mon Apr 30 12:08:00 CST 2018","118.11928333333331","38.95036666666667","412302110","POs0ENs0","机动船在航"
"350.8","0.0","Mon Apr 30 12:12:18 CST 2018","118.11928333333331","38.950383333333335","412302110","POs0ENs0","机动船在航"
"29.6","0.1","Mon Apr 30 14:58:47 CST 2018","119.59503","39.806718333333336","412753980","POs0ENs0","机动船在航"
"29.6","0.1","Mon Apr 30 14:59:07 CST 2018","119.59504333333334","39.80671","412753980","POs0ENs0","机动船在航"
"112.0","0.0","Mon Apr 30 08:07:20 CST 2018","119.5158","35.314733333333336","413450140","POs0ENs0","机动船在航"
"185.0","0.0","Mon Apr 30 08:18:01 CST 2018","119.5158","35.31471666666667","413450140","POs0ENs0","机动船在航"
"221.6","6.5","Mon Apr 30 15:16:56 CST 2018","121.90915333333334","40.561011666666666","412000070","POs0ENs0","机动船在航"
"221.6","6.5","Mon Apr 30 15:16:57 CST 2018","121.90915333333334","40.561011666666666","412000070","POs0ENs0","机动船在航"
"300.3","0.3","Mon Apr 30 11:44:36 CST 2018","119.60587166666669","39.75834166666667","412473650","POs0ENs0","机动船在航"
"300.3","0.3","Mon Apr 30 11:44:38 CST 2018","119.60587166666669","39.75834166666667","412473650","POs0ENs0","机动船在航"
"360.0","102.3","Mon Apr 30 10:23:07 CST 2018","118.23438833333331","38.45127333333333","414083000","POs0ENs0","在航"
"360.0","102.3","Mon Apr 30 10:23:08 CST 2018","118.23438833333331","38.45127333333333","414083000","POs0ENs0","在航"
"6.0","0.2","Mon Apr 30 08:00:25 CST 2018","121.92470166666666","40.64669666666666","926065125","POs0ENs0","机动船在航"
"358.3","0.2","Mon Apr 30 08:01:09 CST 2018","121.92469333333334","40.64673833333333","926065125","POs0ENs0","机动船在航"
"54.2","0.0","Mon Apr 30 08:01:50 CST 2018","119.60424166666668","35.08009666666667","412439640","POs0ENs0","机动船在航"
"68.9","0.0","Mon Apr 30 08:09:49 CST 2018","119.60443666666669","35.080108333333335","412439640","POs0ENs0","机动船在航"
"129.6","4.2","Mon Apr 30 15:00:27 CST 2018","118.45768833333334","38.94502666666666","413272680","POs0ENs0","在航"
"144.3","6.5","Mon Apr 30 15:05:01 CST 2018","118.46264166666668","38.93991666666667","413272680","POs0ENs0","在航"
"154.3","1.8","Mon Apr 30 11:48:19 CST 2018","122.07304333333332","40.31339666666667","413702190","POs0ENs0","在航"
"177.4","3.0","Mon Apr 30 11:51:14 CST 2018","122.07351333333334","40.311708333333335","413702190","POs0ENs0","在航"
"360.0","0.0","Mon Apr 30 08:01:55 CST 2018","119.35049333333332","35.08705","412330360","POs0ENs0","机动船在航"
"360.0","0.0","Mon Apr 30 08:24:15 CST 2018","119.35052","35.08704","412330360","POs0ENs0","机动船在航"
"219.9","0.0","Mon Apr 30 08:00:07 CST 2018","117.74221666666666","38.9844","312030000","POs0ENs0","机动船在航"
"219.9","0.0","Mon Apr 30 08:00:27 CST 2018","117.7422","38.9844","312030000","POs0ENs0","机动船在航"
"4.0","12.3","Mon Apr 30 12:44:14 CST 2018","122.775035","35.079786666666664","413434590","POs0ENs0","机动船在航"
"5.1","12.0","Mon Apr 30 12:45:24 CST 2018","122.77540833333332","35.083785","413434590","POs0ENs0","机动船在航"
"108.7","0.0","Mon Apr 30 08:25:17 CST 2018","121.48347","37.65678833333333","413544000","POs0ENs0","机动船在航"
"198.1","0.0","Mon Apr 30 08:25:27 CST 2018","121.48345333333332","37.65678166666667","413544000","POs0ENs0","机动船在航"
"250.8","9.6","Mon Apr 30 08:00:24 CST 2018","119.391225","37.94755333333333","413695660","POs0ENs0","机动船在航"
"249.4","9.5","Mon Apr 30 08:05:25 CST 2018","119.375225","37.94353","413695660","POs0ENs0","机动船在航"
"149.0","9.3","Mon Apr 30 09:10:33 CST 2018","120.47193833333333","37.47328","412434805","POs0ENs0","在航"
"149.0","9.3","Mon Apr 30 09:10:34 CST 2018","120.47193833333333","37.47328","412434805","POs0ENs0","在航"
"41.4","7.3","Mon Apr 30 14:49:15 CST 2018","117.88257833333331","38.32072","413272460","POs0ENs0","在航"
"128.8","6.9","Mon Apr 30 14:52:14 CST 2018","117.88849666666668","38.32267","413272460","POs0ENs0","在航"
"286.3","4.2","Mon Apr 30 08:19:45 CST 2018","119.54508","35.357975","413328650","POs0ENs0","在航"
"267.8","2.0","Mon Apr 30 08:19:56 CST 2018","119.54497333333332","35.35794833333333","413328650","POs0ENs0","在航"
"33.7","4.3","Mon Apr 30 11:57:12 CST 2018","117.87503666666667","38.32069","413271980","POs0ENs0","在航"
"92.9","6.2","Mon Apr 30 12:00:10 CST 2018","117.88116333333332","38.325155","413271980","POs0ENs0","在航"
"181.3","0.4","Mon Apr 30 12:35:08 CST 2018","119.15727166666667","39.037641666666666","414253000","POs0ENs0","机动船在航"
"170.5","0.3","Mon Apr 30 12:36:32 CST 2018","119.15729333333331","39.037531666666666","414253000","POs0ENs0","机动船在航"
"60.0","2.4","Mon Apr 30 09:06:01 CST 2018","122.09628333333332","40.2862","312564000","POs0ENs0","在航"
"35.0","1.7","Mon Apr 30 09:57:55 CST 2018","122.09625","40.28628333333333","312564000","POs0ENs0","在航"
"170.4","2.1","Mon Apr 30 15:32:52 CST 2018","118.457505","38.94548666666667","413272530","POs0ENs0","在航"
"116.7","9.8","Mon Apr 30 15:35:53 CST 2018","118.463485","38.942573333333335","413272530","POs0ENs0","在航"
"256.6","0.1","Mon Apr 30 09:57:20 CST 2018","117.71500166666668","38.75401333333333","477121700","POs0ENs0","机动船在航"
"295.4","0.0","Mon Apr 30 09:57:30 CST 2018","117.71499666666666","38.75402","477121700","POs0ENs0","机动船在航"
"178.0","0.1","Mon Apr 30 14:15:23 CST 2018","119.63188","35.28051333333333","412303680","POs0ENs0","机动船在航"
"178.0","0.1","Mon Apr 30 14:15:24 CST 2018","119.63188","35.28051333333333","412303680","POs0ENs0","机动船在航"
"226.7","0.1","Mon Apr 30 08:00:07 CST 2018","119.54259166666668","35.37602166666667","413327920","POs0ENs0","机动船在航"
"226.7","0.1","Mon Apr 30 08:00:08 CST 2018","119.54259166666668","35.37602166666667","413327920","POs0ENs0","机动船在航"
"156.9","1.2","Mon Apr 30 10:36:53 CST 2018","118.13931166666669","38.35931833333333","413439430","POs0ENs0","在航"
"156.9","1.2","Mon Apr 30 10:36:54 CST 2018","118.13931166666669","38.35931833333333","413439430","POs0ENs0","在航"
"310.0","10.8","Mon Apr 30 12:40:15 CST 2018","122.91316666666668","35.0046","353667000","POs0ENs0","机动船在航"
"312.0","10.8","Mon Apr 30 12:44:13 CST 2018","122.90255","35.012233333333334","353667000","POs0ENs0","机动船在航"
"181.9","0.6","Mon Apr 30 10:02:50 CST 2018","118.31669","38.31677333333333","413625000","POs0ENs0","机动船在航"
"27.4","0.3","Mon Apr 30 10:05:01 CST 2018","118.3169","38.31657166666667","413625000","POs0ENs0","机动船在航"
"0.0","0.0","Mon Apr 30 10:58:34 CST 2018","122.09473333333334","40.28856666666667","312459000","POs0ENs0","机动船在航"
"0.0","0.0","Mon Apr 30 10:58:37 CST 2018","122.09473333333334","40.28856666666667","312459000","POs0ENs0","机动船在航"
"324.6","0.1","Mon Apr 30 11:08:13 CST 2018","119.79755166666666","35.586488333333335","413327130","POs0ENs0","帆船在航"
"324.6","0.0","Mon Apr 30 15:26:54 CST 2018","119.79753166666669","35.586531666666666","413327130","POs0ENs0","帆船在航"
"125.7","9.2","Mon Apr 30 08:03:50 CST 2018","122.43895333333332","36.88489333333333","418150864","POs0ENs0","在航"
"125.7","9.2","Mon Apr 30 08:03:51 CST 2018","122.43895333333332","36.88489333333333","418150864","POs0ENs0","在航"
"300.0","0.1","Mon Apr 30 13:10:01 CST 2018","118.46125166666668","38.946385","414013000","POs0ENs0","机动船在航"
"351.9","0.6","Mon Apr 30 13:15:20 CST 2018","118.46109666666666","38.946736666666666","414013000","POs0ENs0","机动船在航"
"225.0","0.0","Mon Apr 30 08:00:06 CST 2018","119.601405","39.90690166666667","412011080","POs0ENs0","机动船在航"
"225.0","0.0","Mon Apr 30 08:00:08 CST 2018","119.601405","39.90690166666667","412011080","POs0ENs0","机动船在航"
"274.0","0.1","Mon Apr 30 08:07:31 CST 2018","119.54188","35.37542333333333","412024850","POs0ENs0","机动船在航"
"267.2","0.0","Mon Apr 30 08:19:31 CST 2018","119.54188","35.375416666666666","412024850","POs0ENs0","机动船在航"
"1.6","0.0","Mon Apr 30 11:01:39 CST 2018","122.07988","40.30534","412762270","POs0ENs0","机动船在航"
"355.4","0.0","Mon Apr 30 11:01:50 CST 2018","122.07988166666668","40.30534","412762270","POs0ENs0","机动船在航"
"0.0","0.0","Mon Apr 30 11:48:49 CST 2018","118.98124","38.10073333333333","412766810","POs0ENs0","机动船在航"
"0.0","0.1","Mon Apr 30 11:51:48 CST 2018","118.98125333333331","38.10072666666667","412766810","POs0ENs0","机动船在航"
"146.0","0.0","Mon Apr 30 08:02:11 CST 2018","119.39902833333332","35.094575","413327830","POs0ENs0","机动船在航"
"146.0","0.0","Mon Apr 30 08:05:44 CST 2018","119.39904166666666","35.09455166666667","413327830","POs0ENs0","机动船在航"
"231.2","0.1","Mon Apr 30 08:00:01 CST 2018","119.676575","39.917345","414147000","POs0ENs0","机动船在航"
"231.2","0.1","Mon Apr 30 08:00:03 CST 2018","119.676575","39.917345","414147000","POs0ENs0","机动船在航"
