Timestamp,mercator_x,mercator_y,SOG,COG,Type,Visited,Classed,ClusterIndex,latitude,longitude
2018-04-01 00:00:02,1.3160586498968026E7,4619523.321268183,8.5,245.3,机动船在航,true,true,-1,38.28329333333333,118.22356
2018-04-01 00:00:05,1.3512573162881816E7,4522714.977907897,0.0,271.1,机动船在航,true,true,-1,37.597456666666666,121.38551
2018-04-01 00:00:06,1.3539657751589276E7,4712410.947737741,0.0,94.5,帆船在航,true,true,6,38.93532,121.628815
2018-04-01 00:00:06,1.3543073590164265E7,4653834.780686985,14.9,86.4,机动船在航,true,true,-1,38.52483333333333,121.6595
2018-04-01 00:00:07,1.35541220496255E7,4651145.838741167,7.8,16.4,机动船在航,true,true,-1,38.50593333333333,121.75875
2018-04-01 00:00:10,1.3133637534506852E7,4632085.961026452,10.6,239.7,机动船在航,true,true,2,38.37182333333333,117.98147333333333
2018-04-01 00:00:10,1.3360392739797965E7,4576525.54747261,7.8,152.9,帆船在航,true,true,-1,37.97946666666667,120.01845
2018-04-01 00:00:11,1.3382464055237545E7,4523983.29001524,0.0,200.0,机动船在航,true,true,8,37.60648333333334,120.21672
2018-04-01 00:00:12,1.3313963977642871E7,4852417.854567396,0.0,61.1,机动船在航,true,true,-1,39.906868333333335,119.60137333333331
2018-04-01 00:00:13,1.347887230023906E7,4932928.318999481,8.5,180.6,机动船在航,true,true,-1,40.459406666666666,121.08277
2018-04-01 00:00:14,1.3595818249161996E7,4914390.010348065,0.0,106.2,机动船在航,true,true,-1,40.33257833333333,122.13331333333332
2018-04-01 00:00:15,1.314628825250557E7,4693977.851955183,10.9,308.0,机动船在航,true,true,-1,38.8064,118.09511666666668
2018-04-01 00:00:16,1.3444117984148435E7,4560379.405318088,8.5,275.0,机动船在航,true,true,-1,37.86505,120.77056666666668
2018-04-01 00:00:17,1.313955973141705E7,4667145.721007138,7.5,126.4,机动船在航,true,true,-1,38.61832,118.03467333333332
2018-04-01 00:00:17,1.3314014999076156E7,4852378.672370055,0.0,336.1,机动船在航,true,true,-1,39.906598333333335,119.60183166666668
2018-04-01 00:00:17,1.3115384663133964E7,4669238.907959356,0.0,265.7,机动船在航,true,true,-1,38.63301,117.817505
2018-04-01 00:00:18,1.355871397862072E7,4905547.66272697,12.3,60.0,机动船在航,true,true,-1,40.272,121.8
2018-04-01 00:00:18,1.337845377058172E7,4670880.699789104,16.3,95.0,机动船在航,true,true,-1,38.64453,120.180695
2018-04-01 00:00:19,1.363115625044935E7,4414937.658085701,0.2,303.0,机动船在航,true,true,-1,36.82640666666666,122.45076
2018-04-01 00:00:19,1.347805799816391E7,4648612.619090338,11.9,107.9,机动船在航,true,true,-1,38.48812333333333,121.075455
2018-04-01 00:00:20,1.3468982120079532E7,4970788.045658882,0.0,269.4,机动船在航,true,true,-1,40.71767833333333,120.993925
2018-04-01 00:00:20,1.3161210815778889E7,4647918.38064502,9.6,60.8,机动船在航,true,true,-1,38.483241666666665,118.22916833333332
2018-04-01 00:00:22,1.3424615551491383E7,4585900.665787362,1.9,319.2,在航,true,true,-1,38.04582,120.59537333333331
2018-04-01 00:00:24,1.3551819034893472E7,4908513.528087307,9.2,213.3,机动船在航,true,true,-1,40.292325,121.73806166666668
2018-04-01 00:00:25,1.3558095042251913E7,4554867.2438184405,12.0,56.0,机动船在航,true,true,-1,37.825948333333336,121.79444
2018-04-01 00:00:26,1.3118307541897226E7,4615369.894908738,0.0,0.0,机动船在航,true,true,2,38.254,117.84376166666668
2018-04-01 00:00:27,1.332131533128238E7,4856566.720356487,0.0,0.0,机动船在航,true,true,-1,39.935451666666665,119.66741166666668
2018-04-01 00:00:27,1.3393962430974068E7,4530773.344588156,0.0,60.2,机动船在航,true,true,8,37.65479,120.32001166666667
2018-04-01 00:00:29,1.3393039406862907E7,4531046.360353898,0.0,7.3,机动船在航,true,true,8,37.656731666666666,120.31172
2018-04-01 00:00:33,1.3170290590045445E7,4649920.162034822,7.4,66.0,机动船在航,true,true,-1,38.49731666666667,118.31073333333332
2018-04-01 00:00:40,1.3149594070317158E7,4622495.032320669,0.0,91.1,机动船在航,true,true,-1,38.304245,118.12481333333334
2018-04-01 00:00:45,1.343485842890425E7,4583434.78901956,9.8,269.6,机动船在航,true,true,-1,38.02837333333333,120.68738666666668
2018-04-01 00:00:46,1.352893601483352E7,4555304.848831951,15.5,5.1,在航,true,true,-1,37.82905333333333,121.5325
2018-04-01 00:00:53,1.352359453460029E7,4537028.721313651,7.9,198.9,机动船在航,true,true,-1,37.699265,121.48451666666666
2018-04-01 00:00:53,1.3460368960011888E7,4575546.891064097,11.0,102.3,机动船在航,true,true,-1,37.97253666666667,120.91655166666666
2018-04-01 00:00:56,1.3140151208978131E7,4587861.442969527,0.1,360.0,机动船在航,true,true,-1,38.05969,118.03998666666666
2018-04-01 00:00:56,1.317438529198179E7,4691000.788787589,8.2,118.3,机动船在航,true,true,-1,38.785556666666665,118.34751666666666
2018-04-01 00:00:59,1.3394225144972345E7,4865146.699317881,0.1,90.5,机动船在航,true,true,-1,39.994525,120.32237166666668
2018-04-01 00:01:02,1.3392061279603802E7,4529884.276629124,0.0,274.3,机动船在航,true,true,8,37.64846666666666,120.30293333333331
2018-04-01 00:01:03,1.3594553659746584E7,4532165.916835365,10.9,113.4,机动船在航,true,true,-1,37.66469333333333,122.12195333333334
2018-04-01 00:01:14,1.3361145630620698E7,4874307.361920682,0.0,124.5,机动船在航,true,true,-1,40.05754,120.02521333333334
2018-04-01 00:01:21,1.3591154333562728E7,4907258.73296686,0.0,324.9,机动船在航,true,true,-1,40.28372666666667,122.09141666666666
2018-04-01 00:01:23,1.3664306267145168E7,4379917.550190077,10.0,184.2,机动船在航,true,true,-1,36.574176666666666,122.74855166666669
2018-04-01 00:01:35,1.3401079642617935E7,4307860.548838971,0.0,0.0,机动船在航,true,true,3,36.05259333333333,120.38394666666667
2018-04-01 00:01:38,1.3560422918336883E7,4543997.38687553,8.4,110.6,机动船在航,true,true,-1,37.74878,121.81535166666669
2018-04-01 00:01:45,1.3474038622416334E7,4569474.13149818,8.1,107.6,机动船在航,true,true,-1,37.92952,121.03934833333334
2018-04-01 00:02:00,1.3465112840112044E7,4770275.43334522,9.4,198.0,机动船在航,true,true,-1,39.3385,120.95916666666666
2018-04-01 00:02:30,1.3105382977951156E7,4720129.218581984,0.1,312.8,机动船在航,true,true,0,38.98923166666667,117.72765833333334
2018-04-01 00:02:46,1.3649808016664252E7,4404905.687210856,14.3,174.9,机动船在航,true,true,-1,36.75423666666666,122.61831166666668
2018-04-01 00:03:07,1.3634746675092405E7,4406554.561026278,10.3,341.4,机动船在航,true,true,-1,36.76610333333333,122.48301333333332
2018-04-01 00:03:30,1.3633652775562877E7,4427616.598161765,0.0,0.0,机动船在航,true,true,-1,36.917521666666666,122.47318666666666
2018-04-01 00:04:06,1.3152602294023365E7,4632034.844984468,102.3,360.0,在航,true,true,-1,38.37146333333333,118.15183666666668
2018-04-01 00:04:08,1.3572233545245076E7,4687271.999014337,10.5,152.5,机动船在航,true,true,-1,38.75944166666667,121.92144833333332
2018-04-01 00:04:08,1.3629392949715186E7,4424015.400053929,0.0,170.5,机动船在航,true,true,-1,36.89165333333333,122.43492
2018-04-01 00:04:31,1.3501508376561932E7,4641017.187689182,6.0,308.8,机动船在航,true,true,-1,38.43469666666667,121.28611333333332
2018-04-01 00:05:00,1.3112302411966383E7,4718183.0506834015,0.0,261.1,机动船在航,true,true,0,38.97564166666667,117.78981666666668
2018-04-01 00:05:00,1.3387299588385122E7,4533184.332391485,0.0,92.5,机动船在航,true,true,8,37.671935,120.26015833333334
2018-04-01 00:05:00,1.3267495140471105E7,4472541.152515889,0.0,16.6,帆船在航,true,true,-1,37.23948833333333,119.18393666666668
2018-04-01 00:05:00,1.3724308400345163E7,4527042.531978059,14.7,119.4,机动船在航,true,true,-1,37.62825166666666,123.28756
2018-04-01 00:05:00,1.3398605938000027E7,4592489.662838305,10.7,286.6,机动船在航,true,true,-1,38.092418333333335,120.361725
2018-04-01 00:05:00,1.350737676905159E7,4305460.183512268,11.7,240.5,机动船在航,true,true,-1,36.035158333333335,121.33883
2018-04-01 00:05:01,1.3162562790994575E7,4706954.411349636,12.6,287.2,机动船在航,true,true,-1,38.89718166666667,118.24131333333334
2018-04-01 00:05:01,1.311700751577724E7,4625874.85708538,0.0,68.9,机动船在航,true,true,2,38.328066666666665,117.83208333333332
2018-04-01 00:05:02,1.367061882440308E7,4466257.024187439,14.0,152.7,机动船在航,true,true,-1,37.19453333333333,122.80525833333331
2018-04-01 00:05:02,1.3727358925457869E7,4337025.691486905,20.3,182.4,机动船在航,true,true,-1,36.264125,123.31496333333334
2018-04-01 00:05:02,1.3644146121830018E7,4404401.349509385,8.8,216.9,机动船在航,true,true,-1,36.75060666666667,122.56745
2018-04-01 00:05:04,1.310949511994106E7,4711056.972439275,0.0,139.4,机动船在航,true,true,0,38.92585833333333,117.76459833333334
2018-04-01 00:05:05,1.3678115264445588E7,4476597.666102071,9.3,2.2,机动船在航,true,true,-1,37.26849333333333,122.8726
2018-04-01 00:05:05,1.334760027498097E7,4179592.7676529246,9.8,267.0,机动船在航,true,true,-1,35.11553333333333,119.90353333333331
2018-04-01 00:05:05,1.3722464949577626E7,4451775.356523988,14.0,152.0,机动船在航,true,true,-1,37.090833333333336,123.271
2018-04-01 00:05:06,1.3190881727322444E7,4694935.001091289,10.2,96.9,机动船在航,true,true,-1,38.8131,118.49570666666666
2018-04-01 00:05:06,1.3678504511598391E7,4307355.466532556,12.4,359.7,机动船在航,true,true,-1,36.048925,122.87609666666668
2018-04-01 00:05:07,1.3795004811493186E7,4343893.949009856,12.7,336.3,机动船在航,true,true,-1,36.313856666666666,123.92263666666666
2018-04-01 00:05:07,1.3203661390397998E7,4649682.392993407,9.9,95.2,机动船在航,true,true,-1,38.495645,118.61050833333331
2018-04-01 00:05:07,1.3574671627625937E7,4708090.163198105,11.2,269.7,机动船在航,true,true,-1,38.905121666666666,121.94335
2018-04-01 00:05:08,1.3653861344856516E7,4509159.080638759,10.1,173.8,操纵能力受限,true,true,-1,37.50091,122.65472333333334
2018-04-01 00:05:08,1.3820251144342674E7,4836429.827171656,0.0,278.3,机动船在航,true,true,-1,39.79660833333333,124.14942833333332
2018-04-01 00:05:08,1.3659230283897478E7,4539127.110917465,9.1,336.8,机动船在航,true,true,-1,37.71417833333334,122.70295333333334
2018-04-01 00:05:09,1.3279698168584345E7,4705501.530262848,9.6,293.7,机动船在航,true,true,-1,38.88702333333333,119.29355833333334
2018-04-01 00:05:10,1.3283194528257675E7,4634584.330907607,9.8,113.0,机动船在航,true,true,-1,38.38941666666667,119.32496666666668
2018-04-01 00:05:10,1.3782057983648956E7,4511089.550732604,11.6,330.0,机动船在航,true,true,-1,37.51466666666666,123.80633333333331
2018-04-01 00:05:11,1.3186315216277622E7,4714705.987096958,0.0,316.7,帆船在航,true,true,1,38.951355,118.454685
2018-04-01 00:05:15,1.3105166461541563E7,4716039.452311673,0.0,91.5,机动船在航,true,true,0,38.96067,117.72571333333332
2018-04-01 00:05:15,1.3523786004124455E7,4410543.714075292,0.0,111.0,机动船在航,true,true,-1,36.794805,121.48623666666668
2018-04-01 00:05:16,1.3695422847809156E7,4339055.168614271,8.4,237.5,机动船在航,true,true,-1,36.278823333333335,123.02807666666666
2018-04-01 00:05:16,1.3265492688364211E7,4560101.389498055,0.0,238.1,帆船在航,true,true,-1,37.86307833333333,119.16594833333332
2018-04-01 00:05:17,1.3652074667029284E7,4497592.129733085,0.0,171.8,机动船在航,true,true,-1,37.41843,122.63867333333332
2018-04-01 00:05:18,1.3112174951149426E7,4717971.844481743,0.0,64.1,机动船在航,true,true,0,38.97416666666667,117.78867166666669
2018-04-01 00:05:18,1.368093684247223E7,4314211.770906556,9.1,180.0,机动船在航,true,true,-1,36.098706666666665,122.89794666666668
2018-04-01 00:05:21,1.3292077638090491E7,4180823.982664284,0.0,86.2,机动船在航,true,true,4,35.12458,119.404765
2018-04-01 00:05:22,1.364219023837678E7,4543430.036612778,10.0,149.5,机动船在航,true,true,-1,37.74475,122.54988
2018-04-01 00:05:22,1.3570435921001252E7,4709942.827006553,4.7,272.9,机动船在航,true,true,-1,38.91807166666667,121.9053
2018-04-01 00:05:24,1.3303919619988598E7,4208576.236895682,0.0,219.3,机动船在航,true,true,-1,35.32823,119.51114333333334
2018-04-01 00:05:25,1.3384506396828637E7,4177998.379522307,13.0,101.7,机动船在航,true,true,-1,35.10381666666667,120.23506666666668
2018-04-01 00:05:28,1.3270873130419225E7,4609117.155972004,0.0,135.7,机动船在航,true,true,-1,38.209878333333336,119.21428166666666
2018-04-01 00:05:31,1.3387657480548022E7,4299663.270412879,0.0,84.3,机动船在航,true,true,3,35.99303666666667,120.26337333333332
2018-04-01 00:05:32,1.3112150460861448E7,4717913.137098535,0.0,134.6,机动船在航,true,true,0,38.97375666666667,117.78845166666666
2018-04-01 00:05:38,1.3121138767613068E7,4715547.2260093335,10.8,102.0,机动船在航,true,true,0,38.957231666666665,117.869195
2018-04-01 00:05:42,1.328970727506654E7,4177649.141602171,0.0,228.6,机动船在航,true,true,4,35.10125,119.38347166666668
2018-04-01 00:05:42,1.3573895359710138E7,4702271.1340502575,7.9,146.0,机动船在航,true,true,-1,38.86443166666667,121.93637666666666
2018-04-01 00:05:55,1.3601961600793907E7,4502412.946831379,1.0,319.6,机动船在航,true,true,-1,37.45281666666666,122.1885
2018-04-01 00:06:03,1.358000253250754E7,4659835.516657604,10.4,330.2,机动船在航,true,true,-1,38.566993333333336,121.99123833333331
2018-04-01 00:06:05,1.3272244215480823E7,4478588.849921907,9.0,44.2,机动船在航,true,true,-1,37.28272666666667,119.22659833333331
2018-04-01 00:06:09,1.3186350281917222E7,4714760.143031646,0.0,82.6,机动船在航,true,true,1,38.95173333333334,118.455
2018-04-01 00:06:16,1.3755695116306812E7,4185938.572812373,11.9,171.0,机动船在航,true,true,-1,35.16215,123.56951166666668
2018-04-01 00:06:31,1.3290698204067083E7,4180118.988730962,0.1,129.6,机动船在航,true,true,4,35.1194,119.39237333333334
2018-04-01 00:06:31,1.3664969545777809E7,4367336.422154781,10.3,181.2,机动船在航,true,true,5,36.48336,122.75451
2018-04-01 00:06:35,1.3668417295940164E7,4385271.955860916,11.7,185.0,机动船在航,true,true,-1,36.612795,122.78548166666668
2018-04-01 00:06:57,1.3306689619984506E7,4215306.421282635,0.0,153.3,机动船在航,true,true,-1,35.37754,119.53602666666669
2018-04-01 00:07:12,1.338761443701158E7,4299660.518687026,0.0,238.8,机动船在航,true,true,3,35.99301666666667,120.26298666666666
2018-04-01 00:08:27,1.3781668365431182E7,4433748.707365932,14.9,264.5,操纵能力受限,true,true,-1,36.96155,123.80283333333334
2018-04-01 00:08:30,1.3700139269101582E7,4524862.721569526,16.7,302.8,机动船在航,true,true,-1,37.612741666666665,123.070445
2018-04-01 00:08:31,1.3473239162939956E7,4659053.437697425,13.0,303.0,机动船在航,true,true,-1,38.5615,121.03216666666668
2018-04-01 00:09:10,1.3186309464770596E7,4714750.600114685,0.0,343.2,机动船在航,true,true,1,38.95166666666667,118.45463333333332
2018-04-01 00:09:15,1.3305552676918536E7,4204063.54072179,0.0,0.0,机动船在航,true,true,-1,35.29515,119.52581333333332
2018-04-01 00:09:31,1.3286036143792655E7,4175717.1928047775,0.0,360.0,机动船在航,true,true,4,35.08705,119.35049333333332
2018-04-01 00:10:02,1.3642973927591968E7,4571722.355605306,20.5,296.7,机动船在航,true,true,-1,37.94544833333333,122.55692
2018-04-01 00:10:05,1.3543580650444832E7,4712050.315214986,0.0,195.0,机动船在航,true,true,6,38.9328,121.664055
2018-04-01 00:10:05,1.3211066177393084E7,4726601.709060977,0.0,360.0,机动船在航,true,true,-1,39.03441,118.67702666666666
2018-04-01 00:10:05,1.3657724131187044E7,4478049.28119323,0.0,224.9,机动船在航,true,true,-1,37.27887,122.68942333333334
2018-04-01 00:10:06,1.3180413056875762E7,4704242.375811175,7.7,48.0,机动船在航,true,true,1,38.878218333333336,118.401665
2018-04-01 00:10:11,1.3307420989039017E7,4215098.899318117,0.0,243.6,机动船在航,true,true,-1,35.37602,119.54259666666668
2018-04-01 00:10:12,1.3670223083613312E7,4481888.188998862,13.0,181.3,机动船在航,true,true,-1,37.306305,122.80170333333334
2018-04-01 00:10:16,1.345809470281498E7,4765792.454095207,6.0,179.4,机动船在航,true,true,-1,39.30734666666667,120.89612166666667
2018-04-01 00:10:30,1.3347326985631073E7,4224482.254783388,0.2,53.8,机动船在航,true,true,-1,35.44472,119.90107833333332
2018-04-01 00:10:32,1.3287508715123368E7,4176150.2647470697,0.0,273.8,机动船在航,true,true,4,35.09023333333333,119.36372166666666
2018-04-01 00:10:46,1.3582089587427432E7,4966146.509178799,0.0,173.5,帆船在航,true,true,-1,40.68606833333333,122.00998666666666
2018-04-01 00:11:06,1.361037178832334E7,4546112.200279375,9.4,125.9,机动船在航,true,true,-1,37.7638,122.26405
2018-04-01 00:11:07,1.3666053797618136E7,4437775.956275216,11.2,181.6,机动船在航,true,true,-1,36.990451666666665,122.76425
2018-04-01 00:11:09,1.3607737041508747E7,4391832.104670188,0.2,163.7,机动船在航,true,true,-1,36.66008333333333,122.24038166666666
2018-04-01 00:11:12,1.3330558559667911E7,4204810.527313395,7.5,257.0,机动船在航,true,true,-1,35.300626666666666,119.750445
2018-04-01 00:11:19,1.3651784865288254E7,4497847.695207977,1.2,205.3,在航,true,true,-1,37.420253333333335,122.63607
2018-04-01 00:11:26,1.37891525603297E7,4326587.017972097,12.2,341.7,机动船在航,true,true,-1,36.18848,123.870065
2018-04-01 00:11:35,1.3483499109341398E7,4781100.185162871,0.0,203.6,机动船在航,true,true,-1,39.41366666666666,121.12433333333334
2018-04-01 00:11:57,1.3542554841337169E7,4712545.472674601,0.1,29.4,机动船在航,true,true,6,38.93626,121.65484
2018-04-01 00:11:58,1.3404457261501089E7,4191258.282513157,8.8,66.2,机动船在航,true,true,-1,35.201208333333334,120.41428833333332
2018-04-01 00:12:35,1.3307341210070614E7,4215012.432986598,0.0,261.1,机动船在航,true,true,-1,35.375386666666664,119.54188
2018-04-01 00:13:09,1.3652215300652657E7,4497544.241099577,0.0,331.8,机动船在航,true,true,-1,37.41808833333333,122.63993666666669
2018-04-01 00:14:17,1.3419836234686663E7,4315877.551723808,0.0,61.8,机动船在航,true,true,-1,36.110796666666666,120.55244
2018-04-01 00:15:06,1.3291324005137822E7,4176734.598551461,0.1,260.9,机动船在航,true,true,4,35.094528333333336,119.397995
2018-04-01 00:15:09,1.3303340202039016E7,4622790.571937461,7.5,291.4,机动船在航,true,true,-1,38.30632833333333,119.50593833333332
2018-04-01 00:15:15,1.3112320037552424E7,4718240.08904482,0.0,152.2,机动船在航,true,true,0,38.97604,117.789975
2018-04-01 00:15:21,1.312602476559647E7,4714492.706182832,11.3,98.5,机动船在航,true,true,-1,38.949865,117.91308666666669
2018-04-01 00:15:27,1.3652863922219008E7,4598349.971597444,17.4,136.2,机动船在航,true,true,-1,38.13383833333334,122.64576333333332
2018-04-01 00:16:00,1.328387153629418E7,4613252.944124718,8.5,130.2,机动船在航,true,true,-1,38.239065,119.33104833333331
2018-04-01 00:16:18,1.3747284372179924E7,4545062.014568196,10.1,130.1,机动船在航,true,true,-1,37.75634166666666,123.49395666666666
2018-04-01 00:16:26,1.3478106793207372E7,4559808.811143659,11.1,336.3,机动船在航,true,true,-1,37.861003333333336,121.07589333333334
2018-04-01 00:18:12,1.3400295211272812E7,4294793.348879172,0.2,306.5,机动船在航,true,true,3,35.957633333333334,120.3769
2018-04-01 00:19:06,1.3299599310550911E7,4177014.645257888,0.0,0.0,机动船在航,true,true,4,35.09658666666667,119.47233333333334
2018-04-01 00:19:46,1.373499210294156E7,4391189.160195456,20.0,354.7,机动船在航,true,true,-1,36.65545,123.38353333333332
2018-04-01 00:20:43,1.3286696639438031E7,4612870.989614795,7.4,104.3,机动船在航,true,true,-1,38.23637,119.35642666666666
2018-04-01 00:22:45,1.3432976572912388E7,4319318.772827777,0.0,209.0,机动船在航,true,true,-1,36.13576666666667,120.67048166666666
2018-04-01 00:24:35,1.3392539767881732E7,4310509.80539414,0.0,126.1,机动船在航,true,true,3,36.07183166666667,120.30723166666668
2018-04-01 00:27:04,1.3246043503530266E7,4751548.043952665,0.0,121.0,机动船在航,true,true,-1,39.20826666666667,118.99123333333333
2018-04-01 00:30:16,1.3526011466277895E7,4288664.917801116,10.7,46.9,机动船在航,true,true,-1,35.91305833333333,121.50622833333334
2018-04-01 00:30:51,1.347490320379483E7,4769844.1247954,10.1,62.5,机动船在航,true,true,-1,39.335503333333335,121.047115
2018-04-01 00:31:12,1.3123615811815703E7,4625491.015030061,2.1,63.0,在航,true,true,2,38.325361666666666,117.89144666666668
2018-04-01 00:33:09,1.3452552290900867E7,4554357.784849385,0.0,308.7,机动船在航,true,true,-1,37.82233333333333,120.84633333333332
2018-04-01 00:34:02,1.3111299794419304E7,4717957.286928201,1.3,209.8,在航,true,true,0,38.974065,117.78081
2018-04-01 00:34:18,1.3664578814365124E7,4413560.024833404,10.2,184.6,机动船在航,true,true,-1,36.8165,122.751
2018-04-01 00:34:32,1.3663633155290836E7,4390022.476676411,9.8,181.8,机动船在航,true,true,-1,36.64704166666667,122.742505
2018-04-01 00:34:33,1.3774645589822002E7,4402329.60086951,8.6,148.1,机动船在航,true,true,-1,36.73569333333333,123.73974666666666
2018-04-01 00:35:03,1.3186823389753092E7,4721079.525337999,3.1,155.0,机动船在航,true,true,1,38.99586666666666,118.45925
2018-04-01 00:35:44,1.3676035445292598E7,4420112.560963026,7.5,2.5,帆船在航,true,true,-1,36.86360833333333,122.85391666666666
2018-04-01 00:40:03,1.3254587831046104E7,4650857.305515735,13.0,272.5,机动船在航,true,true,-1,38.503905,119.06798833333332
2018-04-01 00:40:08,1.3249443015246611E7,4750141.898590396,5.8,162.3,机动船在航,true,true,-1,39.19847833333333,119.02177166666668
2018-04-01 00:40:23,1.324700010902115E7,4751334.703313768,8.3,285.2,在航,true,true,-1,39.20678166666666,118.99982666666666
2018-04-01 00:41:40,1.3480647475052243E7,4539413.948649032,0.0,192.1,机动船在航,true,true,-1,37.71621666666667,121.09871666666666
2018-04-01 00:43:46,1.3548658117952395E7,4598231.327041814,11.8,124.0,机动船在航,true,true,-1,38.133,121.70966666666666
2018-04-01 00:45:58,1.367205818541904E7,4347333.520992338,9.8,2.9,机动船在航,true,true,5,36.33875,122.81818833333334
2018-04-01 00:47:53,1.3139810942401277E7,4583288.051592601,8.4,18.9,在航,true,true,-1,38.027335,118.03693
2018-04-01 00:47:54,1.3528705397955092E7,4655060.214426818,9.8,78.9,机动船在航,true,true,-1,38.533445,121.53042833333332
2018-04-01 00:50:16,1.3291379850415708E7,4650706.285202034,9.7,304.0,机动船在航,true,true,-1,38.50284333333333,119.39849666666667
2018-04-01 00:50:46,1.3298201694344E7,4638285.903988822,12.8,282.8,机动船在航,true,true,-1,38.415475,119.45977833333332
2018-04-01 00:51:08,1.3123530652405247E7,4625473.514255011,6.7,31.5,在航,true,true,2,38.32523833333333,117.89068166666668
2018-04-01 00:57:45,1.3684250452648172E7,4175025.673176445,15.2,2.3,机动船在航,true,true,-1,35.081966666666666,122.92771333333332
2018-04-01 00:58:45,1.3307705039273022E7,4552619.141601788,0.0,303.1,机动船在航,true,true,-1,37.809995,119.54514833333332
2018-04-01 01:00:04,1.3237137202136869E7,4640905.629652185,10.1,99.9,机动船在航,true,true,-1,38.43391166666667,118.91122666666666
2018-04-01 01:01:15,1.3232958082920002E7,4678405.868318919,0.1,45.9,机动船在航,true,true,-1,38.69730833333333,118.873685
2018-04-01 01:05:10,1.3287305928117642E7,4586438.5348754125,10.6,351.3,机动船在航,true,true,-1,38.049625,119.3619
2018-04-01 01:05:26,1.3398024850258084E7,4193554.027076397,11.6,249.1,机动船在航,true,true,-1,35.21805833333333,120.356505
2018-04-01 01:06:05,1.365677939977518E7,4164983.994840693,8.9,181.1,机动船在航,true,true,-1,35.008115,122.68093666666668
2018-04-01 01:25:09,1.342608775175713E7,4836517.483960757,0.0,50.5,操纵能力受限,true,true,-1,39.79721333333333,120.60859833333332
2018-04-01 01:30:08,1.3554571409303335E7,4718381.851048191,102.3,360.0,在航,true,true,6,38.97703,121.76278666666668
2018-04-01 01:34:34,1.314460695712962E7,4606041.660568749,0.0,89.0,机动船在航,true,true,-1,38.18816666666667,118.08001333333333
2018-04-01 01:37:29,1.332234318124737E7,4854678.832165884,0.0,159.2,机动船在航,true,true,-1,39.922446666666666,119.676645
2018-04-01 01:40:06,1.3186356033424243E7,4722251.716934134,0.2,45.1,机动船在航,true,true,1,39.00405,118.45505166666666
2018-04-01 01:42:42,1.349645317295253E7,4644054.827355443,9.8,310.2,机动船在航,true,true,-1,38.45606833333333,121.24070166666668
2018-04-01 01:45:58,1.3261010409067422E7,4605758.403204527,0.0,92.7,机动船在航,true,true,-1,38.186166666666665,119.12568333333331
2018-04-01 01:48:52,1.3445821914487503E7,4676998.888632067,6.8,139.1,机动船在航,true,true,-1,38.68744333333333,120.78587333333331
2018-04-01 01:50:04,1.3789470006410947E7,4498994.312336004,16.4,283.8,机动船在航,true,true,-1,37.42843333333333,123.87291666666668
2018-04-01 01:53:47,1.3608467297368355E7,4504546.243876459,0.0,162.0,机动船在航,true,true,-1,37.468028333333336,122.24694166666669
2018-04-01 01:55:28,1.3275901060753386E7,4496960.951719734,102.3,360.0,在航,true,true,-1,37.41392666666667,119.25944833333334
2018-04-01 01:58:02,1.3667131741353985E7,4442364.764673617,9.9,184.8,机动船在航,true,true,-1,37.02337,122.77393333333332
2018-04-01 02:04:31,1.3515371178282907E7,4528997.393110105,4.1,134.0,在航,true,true,-1,37.64215833333333,121.410645
2018-04-01 02:30:04,1.3140685728066426E7,4591161.580558788,7.6,349.5,机动船在航,true,true,-1,38.08302833333333,118.04478833333332
2018-04-01 02:35:02,1.3320909571738437E7,4855830.926327695,0.7,275.0,机动船在航,true,true,-1,39.93038333333333,119.66376666666666
2018-04-01 02:35:27,1.3227585804294318E7,4607613.644240837,0.0,0.0,机动船在航,true,true,-1,38.199265,118.825425
2018-04-01 02:36:04,1.3654943741371997E7,4208489.594303997,8.5,181.0,机动船在航,true,true,-1,35.327595,122.66444666666666
2018-04-01 02:37:13,1.3287926719811296E7,4495339.965197337,0.3,184.1,机动船在航,true,true,-1,37.40236,119.36747666666666
2018-04-01 02:45:03,1.3392650530775072E7,4531632.02083216,0.0,91.9,机动船在航,true,true,8,37.660896666666666,120.30822666666668
2018-04-01 02:50:17,1.3590779186878754E7,4695575.293640863,10.8,333.2,机动船在航,true,true,-1,38.81758166666667,122.08804666666668
2018-04-01 02:50:18,1.3279629707097504E7,4644053.642730422,10.9,291.5,机动船在航,true,true,-1,38.45606,119.29294333333333
2018-04-01 02:50:26,1.346409333910886E7,4745390.993153169,11.2,14.6,机动船在航,true,true,-1,39.165396666666666,120.95000833333332
2018-04-01 02:54:13,1.347731920781001E7,4792324.395176047,10.0,13.9,机动船在航,true,true,-1,39.49152166666666,121.06881833333334
2018-04-01 02:56:23,1.3463337294233892E7,4656932.444324778,8.1,130.6,机动船在航,true,true,-1,38.5466,120.94321666666669
2018-04-01 02:59:29,1.3402896376707684E7,4666017.373307037,10.9,97.0,机动船在航,true,true,-1,38.6104,120.40026666666668
2018-04-01 03:04:54,1.3547546963901795E7,4666501.274846113,10.6,23.3,机动船在航,true,true,-1,38.613796666666666,121.699685
2018-04-01 03:07:40,1.337816118585342E7,4797813.842967313,8.5,26.4,机动船在航,true,true,-1,39.52956666666667,120.17806666666668
2018-04-01 03:13:37,1.381975540154368E7,4839412.523127136,0.0,0.0,机动船在航,true,true,-1,39.817191666666666,124.144975
2018-04-01 03:15:31,1.3485051645172996E7,4527816.795033635,0.0,300.6,机动船在航,true,true,-1,37.63376,121.13828
2018-04-01 03:23:45,1.340380363055765E7,4591285.329687783,9.3,117.9,机动船在航,true,true,-1,38.08390333333333,120.40841666666668
2018-04-01 03:26:31,1.3245511025299309E7,4477703.7292271685,0.1,146.6,机动船在航,true,true,-1,37.2764,118.98645
2018-04-01 03:28:00,1.3264017890643688E7,4506843.874424337,0.0,0.0,机动船在航,true,true,-1,37.48440833333333,119.1527
2018-04-01 03:36:25,1.3395357078661222E7,4591859.5450257175,11.3,116.4,机动船在航,true,true,-1,38.087963333333335,120.33254
2018-04-01 03:40:58,1.3290488923424391E7,4174485.184230946,0.1,355.8,机动船在航,true,true,4,35.07799333333333,119.39049333333334
2018-04-01 03:41:07,1.3121568831912495E7,4625786.640730281,1.3,333.0,在航,true,true,2,38.327445,117.87305833333332
2018-04-01 03:43:59,1.317062083786813E7,4648024.800625653,0.3,1.0,机动船在航,true,true,-1,38.48399,118.3137
2018-04-01 03:49:12,1.3566921935741875E7,4722459.431011353,3.9,70.7,在航,true,true,-1,39.0055,121.87373333333332
2018-04-01 03:55:20,1.3138282525792684E7,4582032.50704544,3.9,46.2,在航,true,true,-1,38.01845,118.0232
2018-04-01 03:56:06,1.3304777151132677E7,4644595.97837328,12.4,305.3,机动船在航,true,true,-1,38.459875,119.51884666666666
2018-04-01 03:57:00,1.34330936439102E7,4304582.637441764,8.7,201.0,机动船在航,true,true,-1,36.02878333333334,120.67153333333331
2018-04-01 03:57:26,1.3327997283717245E7,4741858.882788898,11.3,4.5,机动船在航,true,true,-1,39.140791666666665,119.72743666666666
2018-04-01 04:00:04,1.3109506808487592E7,4728750.8876861,0.1,250.0,机动船在航,true,true,-1,39.049405,117.76470333333332
2018-04-01 04:01:09,1.3270087771411678E7,4167137.2361371815,0.0,360.0,机动船在航,true,true,-1,35.02395666666666,119.20722666666668
2018-04-01 04:02:16,1.3245775594622428E7,4478000.781987629,2.1,246.0,在航,true,true,-1,37.27852333333333,118.98882666666668
2018-04-01 04:05:14,1.3271621011864869E7,4634619.836942834,10.9,93.0,机动船在航,true,true,-1,38.38966666666666,119.221
2018-04-01 04:10:02,1.3575315239815207E7,4978436.237826312,0.0,241.9,机动船在航,true,true,-1,40.769731666666665,121.94913166666667
2018-04-01 04:15:02,1.3260433031975176E7,4731377.962680923,8.4,25.8,机动船在航,true,true,-1,39.06773,119.12049666666668
2018-04-01 04:19:44,1.3497923332360936E7,4166920.194070732,12.0,335.7,机动船在航,true,true,-1,35.02236,121.25390833333331
2018-04-01 04:20:06,1.3659470548465108E7,4558927.1308475705,12.9,117.0,机动船在航,true,true,-1,37.85475,122.70511166666668
2018-04-01 04:21:56,1.3677477218230857E7,4455244.074798911,12.3,1.2,机动船在航,true,true,-1,37.115685,122.86686833333331
2018-04-01 04:30:23,1.311197550372842E7,4702654.056922372,9.1,179.9,机动船在航,true,true,-1,38.86711,117.78688
2018-04-01 04:33:12,1.3655346161331216E7,4518259.541820437,7.9,156.0,机动船在航,true,true,-1,37.565738333333336,122.66806166666667
2018-04-01 04:42:17,1.3576911004715728E7,4942906.110588464,1.2,353.9,在航,true,true,-1,40.52757,121.96346666666666
2018-04-01 04:50:30,1.3418314682780003E7,4169778.783000901,13.0,286.3,机动船在航,true,true,-1,35.04338666666666,120.53877166666666
2018-04-01 04:59:32,1.356402187747423E7,4911993.203055423,4.3,189.0,在航,true,true,-1,40.316163333333336,121.84768166666667
2018-04-01 05:12:59,1.3531449608935634E7,4164158.828369551,13.6,324.7,机动船在航,true,true,-1,35.00204333333333,121.55508
2018-04-01 05:14:01,1.31329501366512E7,4716607.1050276365,0.0,61.2,机动船在航,true,true,-1,38.964635,117.97529833333331
2018-04-01 05:40:05,1.3231257863230623E7,4605195.688311935,7.1,309.6,在航,true,true,-1,38.18219333333333,118.85841166666668
2018-04-01 05:45:00,1.3600240972531212E7,4170011.5175691415,12.1,283.3,机动船在航,true,true,-1,35.045098333333335,122.17304333333334
2018-04-01 06:01:17,1.3187543255793557E7,4714817.162147536,9.1,356.4,在航,true,true,1,38.952131666666666,118.46571666666668
2018-04-01 06:09:41,1.3487819047714116E7,4539544.822451548,0.1,167.5,机动船在航,true,true,-1,37.717146666666665,121.16314
2018-04-01 06:11:01,1.308898506035985E7,4688162.129777342,4.0,79.1,在航,true,true,-1,38.76567666666666,117.58035333333332
2018-04-01 06:20:01,1.3139347482254606E7,4582562.874202171,3.7,62.5,在航,true,true,-1,38.02220333333333,118.03276666666666
2018-04-01 06:25:10,1.3591528923649246E7,4906875.199804832,0.0,338.0,机动船在航,true,true,-1,40.28109833333333,122.09478166666666
2018-04-01 06:37:13,1.3414455421566686E7,4558762.646533575,0.0,304.2,机动船在航,true,true,-1,37.85358333333333,120.50410333333332
2018-04-01 06:45:00,1.327228262070515E7,4738385.39778311,1.3,106.4,在航,true,true,-1,39.11658666666667,119.22694333333334
2018-04-01 06:45:22,1.3265683601290924E7,4609485.984260136,0.1,19.0,机动船在航,true,true,-1,38.21248166666667,119.16766333333334
2018-04-01 06:50:11,1.3187424886068342E7,4718518.364480174,7.7,185.8,机动船在航,true,true,1,38.97798333333333,118.46465333333332
2018-04-01 06:55:11,1.31987269684361E7,4704498.57952753,0.4,39.7,机动船在航,true,true,1,38.88001,118.56618166666668
2018-04-01 07:00:03,1.3192342053509168E7,4735418.227105362,5.1,121.0,在航,true,true,-1,39.09590333333333,118.508825
2018-04-01 07:23:07,1.347633087626425E7,4984441.0510066375,0.0,58.5,机动船在航,true,true,-1,40.81057166666667,121.05994
2018-04-01 07:25:08,1.318823844601356E7,4716054.722923113,4.8,183.5,机动船在航,true,true,1,38.96077666666667,118.47196166666669
2018-04-01 07:26:39,1.3489899608997043E7,4165696.409886511,17.2,288.8,机动船在航,true,true,-1,35.01335666666667,121.18183
2018-04-01 07:29:21,1.3394146664731337E7,4308486.140021784,0.1,132.8,机动船在航,true,true,3,36.057136666666665,120.32166666666669
2018-04-01 07:35:58,1.3638835254456757E7,4413055.972434725,3.1,49.6,机动船在航,true,true,-1,36.812875,122.51974166666666
2018-04-01 07:36:37,1.3391465905860543E7,4747401.519642597,0.1,215.6,机动船在航,true,true,-1,39.17939833333333,120.297585
2018-04-01 07:41:46,1.312120630143748E7,4629255.319757629,8.1,252.7,在航,true,true,2,38.351885,117.86980166666666
2018-04-01 07:43:46,1.3363288716350952E7,4876832.520406034,5.1,202.0,在航,true,true,-1,40.0749,120.044465
2018-04-01 07:45:37,1.3362327472547952E7,4857259.25369303,102.3,360.0,机动船在航,true,true,-1,39.940221666666666,120.03583
2018-04-01 07:55:00,1.338105697687392E7,4301071.557670811,11.0,229.4,在航,true,true,3,36.00327166666667,120.20408
2018-04-01 07:59:18,1.3583814668469757E7,4706311.0180280525,0.1,209.1,机动船在航,true,true,-1,38.89268333333333,122.02548333333333
2018-04-01 08:00:40,1.3245714183370003E7,4593175.2218348095,8.9,78.3,在航,true,true,-1,38.097265,118.988275
2018-04-01 08:12:59,1.351220989027686E7,4937386.796165833,3.5,314.6,在航,true,true,-1,40.489873333333335,121.38224666666666
2018-04-01 08:24:16,1.3108812916994983E7,4715606.396885413,1.4,199.7,机动船在航,true,true,0,38.957645,117.75847
2018-04-01 08:25:07,1.3303835388240565E7,4208332.456851888,0.0,112.5,机动船在航,true,true,-1,35.32644333333333,119.51038666666666
2018-04-01 08:26:50,1.3187859217614925E7,4712001.182410722,7.7,181.9,在航,true,true,1,38.93245666666667,118.468555
2018-04-01 08:42:41,1.3608929644320114E7,4384711.224820036,2.2,40.0,在航,true,true,-1,36.60875166666667,122.251095
2018-04-01 08:44:58,1.3726052034635955E7,4342504.015930384,13.3,357.7,机动船在航,true,true,-1,36.303795,123.30322333333334
2018-04-01 08:47:35,1.362084120089996E7,4774283.79303232,0.0,193.2,机动船在航,true,true,-1,39.36634333333333,122.35809833333332
2018-04-01 08:49:56,1.3352240627954686E7,4497440.755676768,9.6,334.6,在航,true,true,-1,37.41735,119.94521833333332
2018-04-01 08:55:11,1.3241958634815603E7,4591557.818704971,7.8,76.9,在航,true,true,-1,38.08583,118.95453833333332
2018-04-01 08:55:18,1.3122183129969193E7,4626074.470076198,0.0,105.6,机动船在航,true,true,2,38.32947333333333,117.87857666666666
2018-04-01 09:00:02,1.3143116574680382E7,4713546.356029082,5.0,215.7,机动船在航,true,true,-1,38.94325333333333,118.066625
2018-04-01 09:15:30,1.3108608645729376E7,4718357.985252316,3.2,100.4,在航,true,true,0,38.97686333333333,117.756635
2018-04-01 09:19:03,1.3261102989777269E7,4567218.163561516,0.0,79.4,机动船在航,true,true,-1,37.91353333333333,119.126515
2018-04-01 09:20:09,1.324761459261033E7,4490821.676650496,5.6,86.8,机动船在航,true,true,-1,37.37011,119.00534666666668
2018-04-01 09:25:09,1.318969877220028E7,4709746.099557251,10.2,128.7,在航,true,true,1,38.91669666666667,118.48508
2018-04-01 09:31:09,1.3620826172768705E7,4774323.390330267,0.0,329.1,机动船在航,true,true,-1,39.366618333333335,122.35796333333332
2018-04-01 09:45:17,1.3311826457887162E7,4852009.10961183,0.0,217.1,机动船在航,true,true,-1,39.90405166666667,119.58217166666668
2018-04-01 09:50:44,1.3315811510125076E7,4855258.975446239,0.0,360.0,机动船在航,true,true,-1,39.92644333333333,119.61797
2018-04-01 09:55:00,1.382148437876818E7,4841255.236997385,5.2,182.3,在航,true,true,-1,39.829905,124.16050666666666
2018-04-01 10:00:01,1.3352899268275216E7,4497087.090849407,3.5,281.4,机动船在航,true,true,-1,37.41482666666667,119.951135
2018-04-01 10:05:35,1.3464214120756373E7,4359279.695573784,0.0,58.8,机动船在航,true,true,-1,36.42514666666667,120.95109333333332
2018-04-01 10:12:44,1.3643479318080168E7,4355072.431144538,9.7,351.4,机动船在航,true,true,-1,36.39473,122.56146
2018-04-01 10:22:53,1.3339476364075365E7,4863817.241903501,1.1,197.6,在航,true,true,-1,39.985375,119.830555
2018-04-01 10:34:40,1.372343899512207E7,4273186.787944974,11.7,351.0,机动船在航,true,true,-1,35.80036666666667,123.27975
2018-04-01 10:35:35,1.372079886786542E7,4304801.730527217,13.1,351.3,机动船在航,true,true,-1,36.030375,123.25603333333332
2018-04-01 10:40:00,1.3329811420352206E7,4195876.3702498535,6.4,116.2,机动船在航,true,true,-1,35.2351,119.74373333333334
2018-04-01 10:40:00,1.3121836926352829E7,4621391.207799772,7.3,43.9,机动船在航,true,true,2,38.296463333333335,117.87546666666668
2018-04-01 10:45:07,1.3476579304261208E7,4539378.298722297,0.0,267.1,机动船在航,true,true,-1,37.715963333333335,121.06217166666669
2018-04-01 11:03:22,1.3311863007786635E7,4851735.574296382,0.1,346.0,机动船在航,true,true,-1,39.902166666666666,119.5825
2018-04-01 11:31:14,1.3564014270642355E7,4714249.132457217,0.0,360.0,机动船在航,true,true,-1,38.94816333333333,121.84761333333331
2018-04-01 11:34:21,1.3637063604760785E7,4765041.48889718,3.6,52.9,在航,true,true,-1,39.302126666666666,122.50382666666668
2018-04-01 11:44:40,1.3491301306918615E7,4170606.859829868,10.4,339.3,机动船在航,true,true,-1,35.04947666666666,121.19442166666668
2018-04-01 11:45:52,1.3469904030995786E7,4966772.153634725,5.2,105.6,在航,true,true,-1,40.69033,121.00220666666668
2018-04-01 11:48:43,1.3696128613380786E7,4198793.333897066,12.8,357.0,机动船在航,true,true,-1,35.2565,123.03441666666669
2018-04-01 11:48:59,1.3308817120986048E7,4218805.074712278,0.1,0.0,机动船在航,true,true,-1,35.40316166666667,119.55513833333332
2018-04-01 12:00:54,1.3112996303458994E7,4719109.784807914,0.1,133.8,机动船在航,true,true,0,38.98211333333333,117.79605
2018-04-01 12:05:01,1.3187467187474849E7,4713827.365338972,0.8,85.0,机动船在航,true,true,1,38.94521666666667,118.46503333333334
2018-04-01 12:20:18,1.3438466850198312E7,4573371.017919942,13.2,211.4,在航,true,true,-1,37.95712666666667,120.71980166666668
2018-04-01 12:23:51,1.3668816005249685E7,4231828.573529457,12.7,4.1,机动船在航,true,true,-1,35.498465,122.78906333333332
2018-04-01 12:26:12,1.309333765244987E7,4725367.158817506,0.0,241.0,机动船在航,true,true,-1,39.025795,117.61945333333334
2018-04-01 12:30:00,1.3305349889912805E7,4202571.992013057,3.2,350.1,在航,true,true,-1,35.284213333333334,119.52399166666666
2018-04-01 12:43:38,1.3668269612082371E7,4251066.372277799,14.0,3.5,机动船在航,true,true,-1,35.63903666666667,122.784155
2018-04-01 12:55:15,1.3142798943066657E7,4706978.488734051,0.6,108.6,机动船在航,true,true,-1,38.89735,118.06377166666668
2018-04-01 13:00:36,1.360078235632144E7,4508599.231335761,9.0,207.0,机动船在航,true,true,-1,37.49692,122.17790666666669
2018-04-01 13:09:07,1.3665858988509247E7,4181947.347489008,13.9,1.0,机动船在航,true,true,-1,35.13283333333333,122.7625
2018-04-01 13:10:18,1.33202583527173E7,4854512.391971784,0.0,222.0,机动船在航,true,true,-1,39.9213,119.65791666666668
2018-04-01 13:16:36,1.342872472496154E7,4549603.098067669,0.5,182.7,机动船在航,true,true,-1,37.78858666666667,120.63228666666669
2018-04-01 13:20:53,1.3367606428333856E7,4631744.718934321,0.1,24.6,操纵能力受限,true,true,-1,38.36942,120.08325166666668
2018-04-01 13:25:02,1.3175183081665808E7,4709329.288415869,5.7,39.4,机动船在航,true,true,-1,38.913783333333335,118.35468333333333
2018-04-01 13:33:53,1.31083943557096E7,4714462.885383202,0.0,322.5,机动船在航,true,true,0,38.94965666666667,117.75471
2018-04-01 13:38:03,1.3571675463531235E7,4914343.76730868,1.7,233.1,机动船在航,true,true,-1,40.33226166666667,121.916435
2018-04-01 13:40:07,1.3159513935674231E7,4714966.033651078,1.9,299.8,机动船在航,true,true,-1,38.95317166666667,118.213925
2018-04-01 13:45:06,1.3256053908739852E7,4738516.441995617,8.7,341.0,在航,true,true,-1,39.1175,119.08115833333332
2018-04-01 14:05:12,1.31845864245856E7,4694914.761931632,8.5,101.0,在航,true,true,-1,38.81295833333333,118.439155
2018-04-01 14:34:31,1.3156440590065915E7,4629496.401434625,0.0,114.4,机动船在航,true,true,-1,38.35358333333333,118.18631666666668
2018-04-01 14:50:34,1.3318678914675422E7,4854698.9116219,0.0,294.3,机动船在航,true,true,-1,39.922585,119.64372833333331
2018-04-01 14:56:55,1.3104990576746108E7,4719766.6407150775,3.0,154.0,在航,true,true,0,38.9867,117.72413333333331
2018-04-01 14:59:24,1.3161481507674005E7,4631156.682696576,1.2,119.3,机动船在航,true,true,-1,38.365278333333336,118.2316
2018-04-01 15:35:44,1.3133882808451569E7,4707703.936101716,2.5,251.9,机动船在航,true,true,-1,38.90242166666667,117.98367666666668
2018-04-01 15:40:02,1.3133138266590644E7,4705196.678062272,2.3,161.6,机动船在航,true,true,-1,38.88489166666667,117.97698833333334
2018-04-01 15:47:04,1.3668390208197402E7,4172232.825773181,12.6,1.5,机动船在航,true,true,-1,35.06143333333333,122.78523833333334
2018-04-01 15:50:16,1.3664681228296654E7,4168353.928292951,11.1,1.8,机动船在航,true,true,-1,35.03290666666667,122.75192
2018-04-01 15:58:24,1.3165838923608618E7,4628747.623549511,1.3,100.7,机动船在航,true,true,-1,38.348308333333335,118.27074333333331
2018-04-01 16:06:16,1.3180630129882809E7,4720880.194633096,0.0,0.0,机动船在航,true,true,1,38.994475,118.403615
2018-04-01 16:08:38,1.366718944195671E7,4252745.348398074,11.4,2.5,机动船在航,true,true,-1,35.651293333333335,122.77445166666666
2018-04-01 16:10:09,1.3542948912334576E7,4712207.017058316,0.1,156.1,机动船在航,true,true,6,38.933895,121.65838
2018-04-01 16:10:24,1.339517080404663E7,4286952.691000048,6.4,19.2,机动船在航,true,true,-1,35.9006,120.33086666666668
2018-04-01 16:10:34,1.368458700857534E7,4195012.333475741,11.9,5.2,机动船在航,true,true,-1,35.22876,122.93073666666666
2018-04-01 16:13:12,1.33845600157167E7,4178982.654649459,12.8,320.7,机动船在航,true,true,-1,35.11105,120.23554833333333
2018-04-01 16:13:42,1.3437221556161303E7,4412689.593464772,11.2,179.4,在航,true,true,-1,36.81024,120.708615
2018-04-01 16:14:19,1.3450242782531878E7,4555613.508853014,6.9,158.0,在航,true,true,-1,37.83124333333333,120.82558666666668
2018-04-01 16:15:09,1.3108572837959835E7,4718553.925098981,1.7,1.1,在航,true,true,0,38.978231666666666,117.75631333333334
2018-04-01 16:22:10,1.3671668752733748E7,4233584.151961227,12.2,3.7,机动船在航,true,true,-1,35.51130333333333,122.81469
2018-04-01 16:36:43,1.3668600045437545E7,4230994.98284892,11.2,3.2,机动船在航,true,true,-1,35.49236833333333,122.78712333333333
2018-04-01 16:38:30,1.3669430859903833E7,4218691.265072275,11.0,6.5,机动船在航,true,true,-1,35.40232833333334,122.79458666666666
2018-04-01 16:45:07,1.3187823038780415E7,4718993.311894379,0.2,299.8,机动船在航,true,true,1,38.9813,118.46823
2018-04-01 16:55:00,1.3634875805701723E7,4499315.33150825,0.0,272.3,机动船在航,true,true,-1,37.43072333333333,122.48417333333332
2018-04-01 17:07:57,1.346617594124912E7,4968818.439700188,0.0,256.0,机动船在航,true,true,-1,40.70426666666667,120.96871666666668
2018-04-01 17:16:11,1.3665740618784038E7,4190009.7882040087,10.3,0.8,机动船在航,true,true,-1,35.19204333333333,122.76143666666668
2018-04-01 17:22:28,1.3674948410465002E7,4204013.531252053,10.8,2.5,机动船在航,true,true,-1,35.294783333333335,122.84415166666666
2018-04-01 17:28:46,1.3670346833780576E7,4237981.509190872,12.2,3.0,机动船在航,true,true,-1,35.54345166666667,122.802815
2018-04-01 17:37:31,1.3148465476213004E7,4716590.401887945,0.6,136.5,机动船在航,true,true,-1,38.96451833333333,118.114675
2018-04-01 17:41:17,1.359095989551881E7,4902304.107043183,2.4,15.5,在航,true,true,-1,40.249765,122.08967
2018-04-01 17:46:55,1.3659587248397954E7,4237500.401855578,9.3,2.2,失控,true,true,-1,35.539935,122.70616
2018-04-01 17:58:43,1.3481385894341176E7,4967325.6511122845,0.2,314.0,机动船在航,true,true,-1,40.6941,121.10535
2018-04-01 18:05:23,1.367140307021572E7,4243698.496928245,11.4,5.8,机动船在航,true,true,-1,35.58522833333333,122.81230333333332
2018-04-01 18:21:57,1.3637526508309998E7,4239658.025283694,10.9,358.5,机动船在航,true,true,-1,35.555705,122.507985
2018-04-01 18:33:17,1.3174388631566515E7,4686201.613288714,9.0,284.8,在航,true,true,-1,38.75194333333334,118.34754666666667
2018-04-01 18:45:34,1.3345054212694049E7,4192068.437471448,11.4,300.3,机动船在航,true,true,-1,35.207155,119.88066166666668
2018-04-01 18:45:53,1.3321499565039642E7,4855105.105955209,0.0,149.0,机动船在航,true,true,-1,39.925383333333336,119.66906666666668
2018-04-01 18:47:42,1.3580384729425931E7,4916313.182807652,0.3,113.6,机动船在航,true,true,-1,40.34574666666666,121.99467166666666
2018-04-01 18:49:43,1.3668443641552985E7,4254730.361057473,10.8,1.3,机动船在航,true,true,-1,35.66578166666667,122.78571833333334
2018-04-01 18:52:35,1.3667658653610406E7,4222877.275016933,10.2,4.1,机动船在航,true,true,-1,35.43297333333334,122.77866666666668
2018-04-01 19:05:05,1.3537840460902072E7,4167947.216557449,15.1,320.2,机动船在航,true,true,-1,35.029915,121.61249
2018-04-01 19:13:34,1.374788475530027E7,4346958.099175986,11.5,278.4,机动船在航,true,true,-1,36.33603333333333,123.49935
2018-04-01 19:14:30,1.3688164445944462E7,4808076.957277204,0.0,129.8,机动船在航,true,true,-1,39.60064,122.96287333333332
2018-04-01 19:37:00,1.3278183295847133E7,4501840.370566859,0.3,196.6,机动船在航,true,true,-1,37.44873333333334,119.27995
2018-04-01 19:48:32,1.3676125985145112E7,4275699.930099,11.7,9.5,机动船在航,true,true,-1,35.818675,122.85473
2018-04-01 19:52:54,1.380599798227399E7,4299236.531930551,11.9,356.4,机动船在航,true,true,-1,35.989935,124.02139
2018-04-01 19:54:53,1.3108800300786028E7,4718832.209147511,0.7,115.5,机动船在航,true,true,0,38.980175,117.75835666666669
2018-04-01 20:01:13,1.336795708472985E7,4165206.8886312544,12.0,288.7,机动船在航,true,true,-1,35.009755,120.08640166666666
2018-04-01 20:13:18,1.351289765919748E7,4518392.959608221,1.7,142.7,在航,true,true,-1,37.56668833333333,121.388425
2018-04-01 20:22:37,1.3340013666150924E7,4603849.687379519,0.4,206.8,机动船在航,true,true,-1,38.17268833333333,119.83538166666666
2018-04-01 20:37:06,1.3312629628013236E7,4548616.411133893,1.4,246.1,机动船在航,true,true,-1,37.78158166666667,119.58938666666668
2018-04-01 20:55:12,1.3663458754755257E7,4187133.724237662,12.2,12.5,机动船在航,true,true,-1,35.17092666666667,122.74093833333332
2018-04-01 20:55:32,1.3643750752105214E7,4281536.27017705,8.0,2.2,机动船在航,true,true,-1,35.861176666666665,122.56389833333331
2018-04-01 21:29:04,1.31708388385376E7,4643989.436259022,0.5,180.8,机动船在航,true,true,-1,38.45560833333333,118.31565833333332
2018-04-01 21:35:01,1.3375276155717026E7,4634154.954305637,0.1,18.8,机动船在航,true,true,-1,38.38639333333333,120.15215
2018-04-01 21:36:27,1.3634349821107728E7,4219317.23265218,9.4,350.4,机动船在航,true,true,-1,35.406911666666666,122.47944833333334
2018-04-01 21:40:07,1.3677273132497735E7,4180695.592399349,11.4,359.8,机动船在航,true,true,-1,35.12363666666667,122.865035
2018-04-01 21:45:02,1.3130789239802422E7,4713530.1350161685,11.1,315.8,机动船在航,true,true,-1,38.94314,117.95588666666669
2018-04-01 21:45:11,1.3197867396434693E7,4707449.797147836,10.7,256.6,机动船在航,true,true,1,38.900645,118.55846
2018-04-01 21:45:22,1.3667686854548072E7,4187589.9402454607,9.1,357.0,机动船在航,true,true,-1,35.174276666666664,122.77892
2018-04-01 21:50:42,1.3668073504246091E7,4176448.8901686366,11.9,2.7,机动船在航,true,true,-1,35.09242833333333,122.78239333333332
2018-04-01 21:56:43,1.3481506304923715E7,4205506.638839346,9.0,333.4,机动船在航,true,true,-1,35.30573,121.10643166666668
2018-04-01 22:08:16,1.3531203221796012E7,4697826.04287959,6.2,307.7,在航,true,true,-1,38.833333333333336,121.55286666666667
2018-04-01 22:28:51,1.3630382023390884E7,4422405.337155006,0.0,306.2,机动船在航,true,true,-1,36.880085,122.443805
2018-04-01 22:30:23,1.3381113935346711E7,4166133.168934455,18.7,68.3,机动船在航,true,true,-1,35.01657,120.20459166666669
2018-04-01 22:53:18,1.3760191125007467E7,4189531.905763648,10.2,326.6,机动船在航,true,true,-1,35.188535,123.6099
2018-04-01 23:15:29,1.3752018419058394E7,4236576.780495787,12.9,358.0,机动船在航,true,true,-1,35.533183333333334,123.53648333333334
2018-04-01 23:21:13,1.3393637563593436E7,4176519.409569685,10.0,291.5,机动船在航,true,true,-1,35.09294666666667,120.31709333333332
2018-04-01 23:37:37,1.359149756865934E7,4904550.72905366,0.0,216.0,机动船在航,true,true,-1,40.265166666666666,122.0945
2018-04-01 23:45:07,1.3647750275876936E7,4164732.79164629,13.2,315.2,机动船在航,true,true,-1,35.00626666666667,122.59982666666669
2018-04-01 23:46:45,1.3723435655537345E7,4180861.864881674,20.4,1.2,机动船在航,true,true,-1,35.124858333333336,123.27972
2018-04-01 23:58:34,1.3682404589958334E7,4188737.826558608,13.8,359.5,机动船在航,true,true,-1,35.182705,122.91113166666666
2018-04-02 00:14:30,1.3479857292200094E7,4969774.433508342,1.2,56.1,在航,true,true,-1,40.71077666666667,121.09161833333332
2018-04-02 00:35:07,1.366900895903373E7,4286793.049610438,11.7,2.7,机动船在航,true,true,-1,35.899438333333336,122.79079666666668
2018-04-02 00:49:57,1.3112623012099868E7,4717402.683566991,1.8,105.4,在航,true,true,0,38.970191666666665,117.79269666666669
2018-04-02 01:08:01,1.3213182175380576E7,4620664.058044708,0.1,360.0,帆船在航,true,true,-1,38.291336666666666,118.696035
2018-04-02 01:38:43,1.3817897664774824E7,4315910.39227384,13.1,348.3,机动船在航,true,true,-1,36.111035,124.12828666666668
2018-04-02 01:45:24,1.3117390269293088E7,4625754.239738915,0.0,353.6,机动船在航,true,true,2,38.327216666666665,117.83552166666666
2018-04-02 02:15:09,1.3150173302734254E7,4712257.820458364,0.1,142.0,机动船在航,true,true,-1,38.93425,118.13001666666666
2018-04-02 02:25:11,1.3256440743970357E7,4727271.471945157,102.3,360.0,在航,true,true,-1,39.03908333333333,119.08463333333331
2018-04-02 02:40:25,1.3666627092995722E7,4202717.910318408,10.5,2.6,机动船在航,true,true,-1,35.28528333333333,122.7694
2018-04-02 02:40:53,1.3541088392578457E7,4166282.2327450127,14.0,321.9,机动船在航,true,true,-1,35.01766666666666,121.64166666666668
2018-04-02 02:40:57,1.3549922336302835E7,4170078.823411739,10.3,316.0,机动船在航,true,true,-1,35.045593333333336,121.72102333333332
2018-04-02 02:49:34,1.369476587728099E7,4184057.140168382,12.3,353.1,机动船在航,true,true,-1,35.148331666666664,123.022175
2018-04-02 02:53:11,1.3679623458013352E7,4174139.0040079234,13.1,358.7,机动船在航,true,true,-1,35.075448333333334,122.88614833333334
2018-04-02 03:35:51,1.3728345958276236E7,4169792.379823055,13.5,0.5,机动船在航,true,true,-1,35.04348666666667,123.32383
2018-04-02 03:55:09,1.354211011997145E7,4712264.737372873,0.0,76.6,机动船在航,true,true,6,38.93429833333333,121.650845
2018-04-02 04:07:03,1.368145058192224E7,4164546.374910216,13.9,0.2,机动船在航,true,true,-1,35.004895,122.90256166666668
2018-04-02 04:21:00,1.3593129141329398E7,4168638.5220710086,10.9,306.4,机动船在航,true,true,-1,35.035,122.10915666666666
2018-04-02 04:25:01,1.3110167118600482E7,4726539.368906064,4.7,169.4,在航,true,true,0,39.033975,117.770635
2018-04-02 05:20:10,1.3831529107487427E7,4525734.263238532,13.6,306.5,机动船在航,true,true,-1,37.61894333333333,124.25074
2018-04-02 05:58:13,1.3688829023304502E7,4180894.529891626,11.6,0.9,机动船在航,true,true,-1,35.125098333333334,122.96884333333334
2018-04-02 06:00:46,1.314736601070893E7,4714987.505682812,2.7,235.4,机动船在航,true,true,-1,38.95332166666667,118.10479833333332
2018-04-02 06:00:50,1.3652064277210146E7,4498230.821470227,0.1,194.3,机动船在航,true,true,-1,37.42298666666667,122.63858
2018-04-02 06:14:28,1.347809046634872E7,4163983.293031008,17.6,276.0,机动船在航,true,true,-1,35.000751666666666,121.07574666666666
2018-04-02 06:32:41,1.3639302425253116E7,4258817.977428893,10.1,354.0,机动船在航,true,true,-1,35.69560833333333,122.52393833333332
2018-04-02 06:33:37,1.3363416919297848E7,4876875.436206541,0.1,236.0,机动船在航,true,true,-1,40.075195,120.04561666666666
2018-04-02 06:35:09,1.360040331345529E7,4537629.0221143495,4.4,16.0,在航,true,true,-1,37.70353166666667,122.17450166666669
2018-04-02 07:37:37,1.3575960336264355E7,4944247.730274193,0.0,186.4,机动船在航,true,true,-1,40.53673,121.95492666666668
2018-04-02 07:48:46,1.3411834589688445E7,4646519.380609132,7.9,48.7,机动船在航,true,true,-1,38.47340333333333,120.48056
2018-04-02 08:01:19,1.3572509246517276E7,4912806.4314588215,0.0,2.4,机动船在航,true,true,-1,40.32173333333333,121.923925
2018-04-02 08:05:58,1.3171945539808571E7,4639395.333721721,3.0,254.0,在航,true,true,-1,38.42328333333333,118.3256
2018-04-02 08:24:04,1.3720646731228003E7,4324061.376056612,19.3,1.0,机动船在航,true,true,-1,36.17016666666667,123.25466666666668
2018-04-02 08:27:44,1.3339642786714096E7,4863760.338320024,1.7,243.1,在航,true,true,-1,39.98498333333333,119.83205
2018-04-02 08:29:04,1.3670135512280555E7,4244102.306603957,10.8,3.0,机动船在航,true,true,-1,35.58817833333333,122.80091666666668
2018-04-02 09:09:06,1.351440900681748E7,4521896.604859762,0.1,302.4,帆船在航,true,true,-1,37.591631666666665,121.40200166666666
2018-04-02 09:10:03,1.3392492457098143E7,4311899.52984578,5.1,239.3,在航,true,true,3,36.081921666666666,120.30680666666666
2018-04-02 09:15:08,1.3133988561967822E7,4710493.68414506,4.2,340.4,机动船在航,true,true,-1,38.92192166666667,117.98462666666668
2018-04-02 09:15:17,1.3308138814222148E7,4214184.893503545,0.0,42.0,机动船在航,true,true,-1,35.369325,119.549045
2018-04-02 09:15:55,1.3120002381144555E7,4619491.649070956,8.1,34.5,在航,true,true,2,38.28307,117.85898666666668
2018-04-02 09:30:06,1.3278720226857724E7,4168756.349654385,0.0,256.8,机动船在航,true,true,4,35.035866666666664,119.28477333333332
2018-04-02 09:35:29,1.359152539853204E7,4902152.665045422,0.0,149.8,机动船在航,true,true,-1,40.24872666666667,122.09475
2018-04-02 09:36:20,1.3308553108260386E7,4214947.583683305,0.0,330.5,机动船在航,true,true,-1,35.37491166666667,119.55276666666668
2018-04-02 09:36:30,1.3316870529547485E7,4175835.095533389,1.0,259.4,机动船在航,true,true,-1,35.087916666666665,119.62748333333332
2018-04-02 09:40:04,1.359017843269344E7,4901895.000211852,1.1,354.5,在航,true,true,-1,40.24696,122.08265
2018-04-02 09:45:38,1.3337818445792483E7,4202870.649301823,0.7,261.8,机动船在航,true,true,-1,35.28640333333333,119.81566166666668
2018-04-02 09:55:12,1.3335870540236082E7,4244081.545404729,7.2,72.4,帆船在航,true,true,-1,35.588026666666664,119.79816333333332
2018-04-02 10:02:38,1.3317555886545803E7,4201640.1604604535,0.5,55.7,机动船在航,true,true,-1,35.27738,119.63364
2018-04-02 10:05:11,1.3394338505320469E7,4312983.840770675,0.0,245.5,机动船在航,true,true,3,36.08979333333333,120.32339
2018-04-02 10:06:06,1.3126982855347233E7,4625148.336351884,2.6,67.4,机动船在航,true,true,2,38.32294666666667,117.92169333333334
2018-04-02 10:14:51,1.3291705459926276E7,4176241.8695646455,4.4,22.9,在航,true,true,4,35.09090666666667,119.40142166666666
2018-04-02 10:24:55,1.3335792987657497E7,4243939.183955165,4.0,301.7,在航,true,true,-1,35.58698666666667,119.79746666666666
2018-04-02 10:41:37,1.3376666350624546E7,4280480.274495416,102.3,360.0,在航,true,true,-1,35.85348833333333,120.16463833333331
2018-04-02 10:55:08,1.3678067768129516E7,4332583.070525939,10.0,0.4,机动船在航,true,true,7,36.23194,122.87217333333334
2018-04-02 10:56:00,1.3544800155466467E7,4716719.016773116,5.1,196.9,在航,true,true,6,38.96541666666667,121.67501
2018-04-02 11:05:08,1.338076049596344E7,4300317.971686271,2.2,2.6,机动船在航,true,true,3,35.997795,120.20141666666666
2018-04-02 11:10:02,1.3548000590826776E7,4720708.081094217,5.6,129.3,在航,true,true,6,38.993273333333335,121.70376
2018-04-02 11:10:13,1.3132167189565957E7,4709730.123071143,6.3,137.1,在航,true,true,-1,38.916585,117.968265
2018-04-02 11:21:49,1.3789000052627312E7,4378299.577595089,12.7,353.5,机动船在航,true,true,-1,36.56250333333333,123.868695
2018-04-02 11:25:04,1.33814235890636E7,4300951.842706131,1.3,41.0,机动船在航,true,true,3,36.002401666666664,120.20737333333334
2018-04-02 11:30:08,1.3158773475527972E7,4657668.099280012,0.3,230.7,机动船在航,true,true,-1,38.551768333333335,118.20727333333332
2018-04-02 11:45:58,1.3304256175915765E7,4206264.18174195,6.1,191.0,机动船在航,true,true,-1,35.311283333333336,119.51416666666668
2018-04-02 11:56:03,1.3500204268727291E7,4804748.30682612,2.6,38.5,在航,true,true,-1,39.577596666666665,121.27439833333334
2018-04-02 12:01:01,1.3564793878142882E7,4713712.861454915,0.7,224.6,机动船在航,true,true,-1,38.94441666666667,121.85461666666669
2018-04-02 12:16:09,1.3311363925402915E7,4167634.319220604,0.4,175.3,机动船在航,true,true,-1,35.027613333333335,119.57801666666668
2018-04-02 12:20:13,1.349206514415794E7,4776598.456952338,4.7,342.0,机动船在航,true,true,-1,39.38241666666666,121.20128333333334
2018-04-02 12:30:25,1.3394128482547836E7,4313583.093688956,2.7,254.8,在航,true,true,3,36.094143333333335,120.32150333333334
2018-04-02 12:37:52,1.368628463080994E7,4476836.868055234,7.0,312.4,机动船在航,true,true,-1,37.270203333333335,122.94598666666668
2018-04-02 12:50:14,1.3356107867064845E7,4169288.175469389,9.6,292.1,机动船在航,true,true,-1,35.03977833333333,119.97995833333331
2018-04-02 12:52:17,1.3314150994387409E7,4172198.599615435,7.6,236.1,机动船在航,true,true,-1,35.06118166666667,119.60305333333334
2018-04-02 12:55:06,1.3382291138961848E7,4303281.93508815,1.9,77.0,机动船在航,true,true,3,36.019333333333336,120.21516666666666
2018-04-02 12:58:17,1.3165121469490455E7,4659976.230777448,2.1,148.8,机动船在航,true,true,-1,38.56798166666667,118.26429833333331
2018-04-02 13:10:04,1.3383177242108569E7,4301607.309787233,0.1,325.8,机动船在航,true,true,3,36.007165,120.22312666666669
2018-04-02 13:34:52,1.338480046581681E7,4304183.922326227,7.5,43.3,机动船在航,true,true,3,36.025886666666665,120.23770833333332
2018-04-02 13:35:01,1.3391089460449178E7,4304297.708344188,8.5,102.8,机动船在航,true,true,3,36.02671333333333,120.29420333333331
2018-04-02 13:35:32,1.366734287732152E7,4218858.338027938,12.3,1.8,机动船在航,true,true,-1,35.403551666666665,122.77583
2018-04-02 13:37:05,1.352833192106348E7,4703307.465786734,0.0,12.5,机动船在航,true,true,-1,38.87168,121.52707333333332
2018-04-02 13:40:08,1.3318504885204816E7,4173341.719704582,3.1,235.8,机动船在航,true,true,-1,35.069586666666666,119.642165
2018-04-02 13:40:16,1.3456547176360471E7,4273223.846005775,9.1,271.5,机动船在航,true,true,-1,35.80063666666667,120.88222
2018-04-02 13:47:02,1.3319655743207132E7,4208034.561314408,3.2,236.3,在航,true,true,-1,35.32426,119.65250333333331
2018-04-02 13:50:00,1.3478223307607736E7,4982660.590601294,0.0,70.7,机动船在航,true,true,-1,40.798465,121.07694
2018-04-02 13:50:06,1.366875644932211E7,4241108.9931949815,13.2,2.1,机动船在航,true,true,-1,35.56630833333333,122.78852833333332
2018-04-02 13:50:35,1.3512337536626302E7,4522485.2650144445,1.1,123.5,在航,true,true,-1,37.595821666666666,121.38339333333332
2018-04-02 14:02:12,1.3678310073554477E7,4349298.134963151,15.2,0.4,机动船在航,true,true,5,36.352965,122.87435
2018-04-02 14:02:42,1.3669565927552665E7,4298349.400677508,11.0,359.5,机动船在航,true,true,-1,35.983486666666664,122.7958
2018-04-02 14:05:01,1.3316757540264333E7,4210064.731011167,5.8,257.4,在航,true,true,-1,35.33913833333333,119.62646833333334
2018-04-02 14:17:42,1.338451548792038E7,4304865.050400573,1.5,82.7,在航,true,true,3,36.030835,120.23514833333331
2018-04-02 14:20:04,1.3484938841422323E7,4694419.748429342,0.0,20.0,机动船在航,true,true,-1,38.809493333333336,121.13726666666666
2018-04-02 14:24:02,1.3679293952320602E7,4234895.720076645,14.1,358.9,机动船在航,true,true,-1,35.52089333333333,122.88318833333334
2018-04-02 14:35:09,1.367125111911079E7,4322759.710350877,10.9,3.2,机动船在航,true,true,7,36.16072666666667,122.81093833333334
2018-04-02 14:37:20,1.3385431461797126E7,4298585.335202697,0.0,314.9,机动船在航,true,true,3,35.98520166666667,120.24337666666666
2018-04-02 14:41:49,1.355594583394966E7,4719217.666650945,12.5,171.0,在航,true,true,-1,38.982866666666666,121.77513333333332
2018-04-02 14:49:33,1.3089915691302884E7,4687385.253782608,0.0,313.8,机动船在航,true,true,-1,38.760235,117.58871333333332
2018-04-02 14:50:58,1.351204884808018E7,4521962.400153052,8.4,94.4,机动船在航,true,true,-1,37.5921,121.3808
2018-04-02 14:51:56,1.3109229622955518E7,4714485.072049779,1.4,82.2,在航,true,true,0,38.94981166666667,117.76221333333334
2018-04-02 15:00:03,1.3386570260187944E7,4313739.226332594,0.3,31.5,机动船在航,true,true,3,36.09527666666666,120.25360666666668
2018-04-02 15:01:33,1.3438586889715882E7,4571629.895221719,3.2,278.8,在航,true,true,-1,37.94479333333334,120.72088
2018-04-02 15:30:58,1.3717065954274151E7,4412030.560190596,8.8,322.0,机动船在航,true,true,-1,36.8055,123.2225
2018-04-02 15:37:16,1.338397132114289E7,4304146.529197906,1.1,181.2,在航,true,true,3,36.025615,120.23026
2018-04-02 15:46:53,1.366945108294466E7,4259570.296407258,13.2,3.5,机动船在航,true,true,-1,35.701096666666665,122.79476833333334
2018-04-02 15:50:08,1.3406546171745824E7,4165359.337872469,9.7,46.0,机动船在航,true,true,-1,35.01087666666667,120.43305333333332
2018-04-02 15:50:46,1.347758136521083E7,4982346.151507073,1.1,353.5,在航,true,true,-1,40.796326666666666,121.07117333333332
2018-04-02 16:02:34,1.347095748444366E7,4268222.146342989,1.7,136.6,在航,true,true,-1,35.76418666666667,121.01167
2018-04-02 16:10:41,1.3601559366367178E7,4921304.32651948,0.5,244.7,机动船在航,true,true,-1,40.37991,122.18488666666669
2018-04-02 16:20:02,1.3433262107406272E7,4174266.41158349,13.7,278.4,机动船在航,true,true,-1,35.076385,120.67304666666666
2018-04-02 16:26:43,1.3675116873961069E7,4380874.2649718085,10.2,5.0,机动船在航,true,true,-1,36.58107833333333,122.845665
2018-04-02 16:35:03,1.3675064553800397E7,4241433.103895799,11.5,2.2,机动船在航,true,true,-1,35.56867666666667,122.845195
2018-04-02 16:55:03,1.3288530999113822E7,4176393.3366152914,0.0,67.0,机动船在航,true,true,4,35.09202,119.372905
2018-04-02 17:00:02,1.3466129372595472E7,4280760.91716018,2.1,50.5,机动船在航,true,true,-1,35.855531666666664,120.96829833333334
2018-04-02 17:00:06,1.324659286521733E7,4752533.396231838,0.8,142.9,机动船在航,true,true,-1,39.215125,118.99616833333332
2018-04-02 17:17:29,1.3338945184571791E7,4861322.265645638,2.0,114.0,在航,true,true,-1,39.9682,119.82578333333332
2018-04-02 17:23:50,1.3685371996517912E7,4241667.810728751,14.0,9.0,机动船在航,true,true,-1,35.570391666666666,122.93778833333332
2018-04-02 17:51:59,1.3385670056572393E7,4312980.85606903,2.4,135.2,在航,true,true,3,36.08977166666666,120.24552
2018-04-02 17:59:04,1.327895826503554E7,4178537.678899508,0.4,4.0,机动船在航,true,true,-1,35.10778,119.28691166666668
2018-04-02 18:10:41,1.3397153404177656E7,4298685.763699409,7.7,315.6,在航,true,true,3,35.985931666666666,120.34867666666666
2018-04-02 18:15:04,1.3453053414141923E7,4281101.085910783,0.8,130.4,机动船在航,true,true,-1,35.85800833333333,120.850835
2018-04-02 18:15:11,1.3343904838951604E7,4231271.851906375,7.6,269.2,在航,true,true,-1,35.494393333333335,119.87033666666666
2018-04-02 18:15:22,1.3465063488471126E7,4286858.325935665,1.7,92.7,机动船在航,true,true,-1,35.89991333333333,120.95872333333334
2018-04-02 18:15:26,1.3669126957693966E7,4194687.769283865,13.0,2.8,机动船在航,true,true,-1,35.22637833333334,122.79185666666666
2018-04-02 18:15:57,1.3672342235653048E7,4301431.398533941,10.9,359.3,机动船在航,true,true,-1,36.00588666666667,122.82074
2018-04-02 18:19:03,1.3673152084948568E7,4196105.337684704,13.0,359.2,机动船在航,true,true,-1,35.23678,122.828015
2018-04-02 18:20:07,1.3664479925550804E7,4187212.936514349,10.8,4.2,机动船在航,true,true,-1,35.171508333333335,122.75011166666668
2018-04-02 18:37:25,1.3663788074915525E7,4180067.9532655296,10.3,3.1,机动船在航,true,true,-1,35.119025,122.74389666666669
2018-04-02 18:39:59,1.372616706477644E7,4167316.4462992586,12.8,357.5,机动船在航,true,true,-1,35.025275,123.30425666666666
2018-04-02 18:42:57,1.3665008507599588E7,4201594.4800085705,10.7,2.1,机动船在航,true,true,-1,35.277045,122.75486
2018-04-02 18:55:48,1.3728403844411446E7,4265978.873049025,12.2,345.0,机动船在航,true,true,-1,35.74783333333333,123.32435
2018-04-02 19:02:12,1.315342104887815E7,4639343.23401765,0.3,183.5,机动船在航,true,true,-1,38.422916666666666,118.15919166666669
2018-04-02 20:30:07,1.3251572186040511E7,4599071.539108068,0.1,37.1,机动船在航,true,true,-1,38.138936666666666,119.04089833333332
2018-04-02 21:17:05,1.354600129277213E7,4722927.400165804,1.6,95.0,在航,true,true,6,39.008766666666666,121.6858
2018-04-02 21:25:18,1.354721040797463E7,4721803.3555429615,10.5,356.2,机动船在航,true,true,6,39.00092,121.69666166666669
2018-04-02 22:14:45,1.3844235485231545E7,4276044.288292333,14.1,333.0,机动船在航,true,true,-1,35.82118333333333,124.36488333333334
2018-04-02 22:37:29,1.3174072298680175E7,4632119.801879339,1.1,156.4,在航,true,true,-1,38.37206166666667,118.344705
2018-04-02 22:41:46,1.31738205310985E7,4626730.334823206,1.3,327.7,在航,true,true,-1,38.334095,118.34244333333334
2018-04-02 22:43:45,1.3175363048175927E7,4649573.822324817,1.5,162.2,在航,true,true,-1,38.49488166666666,118.3563
2018-04-02 22:48:08,1.3175992003298905E7,4634977.507917167,1.1,334.7,在航,true,true,-1,38.392185,118.36195
2018-04-02 22:56:47,1.3148922813787678E7,4622937.8720521545,0.0,352.9,机动船在航,true,true,-1,38.30736666666667,118.11878333333334
2018-04-03 00:12:22,1.3580588258561598E7,4917742.722150134,1.2,105.3,在航,true,true,-1,40.35553333333333,121.9965
2018-04-03 00:52:32,1.3670083192119883E7,4273434.072821039,11.3,3.9,机动船在航,true,true,-1,35.802168333333334,122.80044666666667
2018-04-03 00:55:03,1.3567739391869271E7,4722164.573790184,0.3,4.1,机动船在航,true,true,-1,39.00344166666667,121.88107666666669
2018-04-03 01:10:07,1.351661999743712E7,4179804.613997383,13.1,319.2,机动船在航,true,true,-1,35.11709,121.42186333333332
2018-04-03 01:19:37,1.3371289804751717E7,4165797.895935617,17.8,61.9,机动船在航,true,true,-1,35.01410333333333,120.11634
2018-04-03 01:32:36,1.366861934081595E7,4274380.258046174,13.9,5.8,机动船在航,true,true,-1,35.809061666666665,122.78729666666666
2018-04-03 02:15:42,1.3269290723857598E7,4562142.852170176,1.1,146.9,在航,true,true,-1,37.877555,119.20006666666669
2018-04-03 02:21:03,1.3666771622801265E7,4278376.600443292,11.9,2.3,机动船在航,true,true,-1,35.83817,122.77069833333331
2018-04-03 03:07:28,1.3682943747358743E7,4250452.5166959055,12.5,7.4,机动船在航,true,true,-1,35.634555,122.915975
2018-04-03 03:20:03,1.338457708470529E7,4312587.341841944,0.6,163.5,机动船在航,true,true,3,36.086915,120.23570166666669
2018-04-03 03:22:14,1.3670932559834637E7,4336970.92690222,10.8,2.0,机动船在航,true,true,5,36.26372833333333,122.80807666666666
2018-04-03 03:26:36,1.3753723648124862E7,4362455.254079151,10.9,332.0,机动船在航,true,true,-1,36.448096666666665,123.55180166666666
2018-04-03 04:25:50,1.36685377065227E7,4269807.484912815,12.0,2.9,机动船在航,true,true,-1,35.77574166666667,122.78656333333332
2018-04-03 04:50:58,1.3449763923188984E7,4488778.227073652,12.5,201.0,在航,true,true,-1,37.35552,120.821285
2018-04-03 05:16:47,1.338494740754466E7,4163985.557985471,10.9,328.7,机动船在航,true,true,-1,35.00076833333333,120.23902833333334
2018-04-03 05:40:50,1.347924132435104E7,4604137.376490981,10.7,172.2,在航,true,true,-1,38.17472,121.086085
2018-04-03 05:52:54,1.3670094695133932E7,4289641.064998652,11.6,2.9,机动船在航,true,true,-1,35.92016,122.80055
2018-04-03 06:22:23,1.3569163353689E7,4719004.7681872,0.0,0.0,机动船在航,true,true,-1,38.98138,121.89386833333332
2018-04-03 06:40:19,1.3523782850072216E7,4201223.134490494,12.0,306.5,机动船在航,true,true,-1,35.274321666666665,121.48620833333334
2018-04-03 06:42:13,1.356953590291819E7,4719342.734649127,0.1,149.1,机动船在航,true,true,-1,38.98374,121.897215
2018-04-03 07:15:04,1.3568178361727966E7,4721772.558284078,0.2,102.3,机动船在航,true,true,-1,39.000705,121.88502
2018-04-03 07:41:08,1.367075110906464E7,4282952.513620179,2.3,3.2,失控,true,true,-1,35.87148666666667,122.80644666666667
2018-04-03 07:53:45,1.3488703852133438E7,4166354.273418614,10.2,264.8,机动船在航,true,true,-1,35.01819666666667,121.17108833333332
2018-04-03 08:00:04,1.3408416153658666E7,4297521.721462393,3.5,50.7,机动船在航,true,true,-1,35.97747,120.44985166666666
2018-04-03 08:50:05,1.339415464262817E7,4314439.325238622,0.0,283.6,机动船在航,true,true,3,36.10035833333333,120.32173833333331
2018-04-03 09:14:05,1.3389996303049589E7,4309323.377982266,12.4,218.3,机动船在航,true,true,3,36.06321666666667,120.28438333333334
2018-04-03 09:27:54,1.3544322038253512E7,4715976.461282483,8.5,90.2,在航,true,true,6,38.96023,121.670715
2018-04-03 10:10:05,1.3526980502445249E7,4166135.20778768,11.4,282.7,机动船在航,true,true,-1,35.016585,121.51493333333332
2018-04-03 10:32:31,1.3130938593452567E7,4709417.27515542,2.6,0.0,在航,true,true,-1,38.91439833333333,117.95722833333332
2018-04-03 11:35:22,1.354399865513276E7,4718791.874193781,2.9,290.2,在航,true,true,6,38.97989333333334,121.66781
2018-04-03 11:39:07,1.3429556652622731E7,4548173.923099665,3.6,29.3,在航,true,true,-1,37.77844,120.63976
2018-04-03 12:42:32,1.3108233313512918E7,4719116.467720591,1.3,235.4,在航,true,true,0,38.98216,117.75326333333334
2018-04-03 12:55:06,1.362319078428564E7,4420210.653641769,0.0,125.2,机动船在航,true,true,-1,36.864313333333335,122.379205
2018-04-03 12:55:33,1.3579499182876674E7,4713624.837472491,0.4,80.3,机动船在航,true,true,-1,38.943801666666666,121.98671666666668
2018-04-03 13:06:38,1.3579101030164603E7,4701884.174999597,0.3,108.6,机动船在航,true,true,-1,38.861725,121.98314
2018-04-03 13:14:35,1.3583492027478945E7,4711880.020977804,2.9,6.2,机动船在航,true,true,-1,38.93161,122.022585
2018-04-03 13:55:06,1.3383936441035772E7,4306502.548166106,3.2,46.7,在航,true,true,3,36.04273,120.22994666666666
2018-04-03 13:55:09,1.3671000093659049E7,4325419.743136223,9.3,2.9,机动船在航,true,true,7,36.18001666666667,122.80868333333332
2018-04-03 14:30:18,1.3486452044367174E7,4692558.00845133,0.1,275.3,机动船在航,true,true,-1,38.79646,121.15086
2018-04-03 14:36:07,1.3382762577005358E7,4176317.14933733,10.4,319.2,机动船在航,true,true,-1,35.09146,120.21940166666668
2018-04-03 14:40:15,1.3584294455475071E7,4897535.649968691,0.0,208.5,机动船在航,true,true,-1,40.217063333333336,122.02979333333332
2018-04-03 14:50:20,1.3362022457143176E7,4206051.600678392,5.3,323.9,机动船在航,true,true,-1,35.309725,120.03309
2018-04-03 15:04:39,1.3725999343410311E7,4379165.36118353,12.9,358.0,机动船在航,true,true,-1,36.56875,123.30275
2018-04-03 15:06:40,1.3670853151931202E7,4323543.586652316,11.0,4.7,机动船在航,true,true,7,36.16641166666667,122.80736333333331
2018-04-03 16:41:52,1.32269657547306E7,4719508.857887299,102.3,360.0,在航,true,true,-1,38.9849,118.819855
2018-04-03 16:45:01,1.3416353604417196E7,4299901.526655171,10.0,280.6,机动船在航,true,true,-1,35.99476833333333,120.521155
2018-04-03 16:45:08,1.3336468696966613E7,4198557.040271962,1.2,165.1,在航,true,true,-1,35.25476666666667,119.80353666666667
2018-04-03 17:20:11,1.329115090332964E7,4180810.1454794337,0.6,334.7,机动船在航,true,true,4,35.124478333333336,119.39644
2018-04-03 17:40:09,1.3383612130252596E7,4306897.677144369,0.5,116.6,机动船在航,true,true,3,36.0456,120.22703333333334
2018-04-03 17:45:00,1.3317246974958854E7,4173966.4846929815,0.5,34.8,机动船在航,true,true,-1,35.07418,119.630865
2018-04-03 18:05:07,1.3369248205290567E7,4165217.535092829,10.5,53.0,机动船在航,true,true,-1,35.00983333333333,120.098
2018-04-03 18:07:57,1.3611003155368624E7,4715306.967167245,8.3,243.9,机动船在航,true,true,-1,38.95555333333333,122.26972166666668
2018-04-03 18:23:41,1.3740669396972016E7,4231486.9714481,12.7,353.3,机动船在航,true,true,-1,35.49596666666667,123.43453333333332
2018-04-03 20:52:56,1.3387305710957116E7,4533168.158847772,0.1,269.7,失控,true,true,8,37.67182,120.26021333333334
2018-04-03 21:21:30,1.3583938975234477E7,4707271.712945974,1.1,279.1,在航,true,true,-1,38.8994,122.0266
2018-04-03 21:50:36,1.3678478908115512E7,4357034.540403163,9.7,0.8,机动船在航,true,true,5,36.40891666666667,122.87586666666668
2018-04-03 22:25:02,1.3546270314874878E7,4669757.640056242,3.6,7.0,机动船在航,true,true,-1,38.63665,121.68821666666666
2018-04-03 22:33:32,1.3529626010143952E7,4632634.054569969,13.0,292.9,机动船在航,true,true,-1,38.375683333333335,121.53869833333331
2018-04-03 23:10:26,1.3272491715815356E7,4741034.112020347,3.7,196.7,在航,true,true,-1,39.135045,119.22882166666666
2018-04-03 23:20:03,1.3553762673202723E7,4723275.76470618,1.8,30.7,机动船在航,true,true,-1,39.01119833333333,121.75552166666668
2018-04-03 23:20:59,1.356794366313488E7,4229334.826366899,18.0,301.3,机动船在航,true,true,-1,35.480225,121.88291166666669
2018-04-03 23:55:22,1.359046971869435E7,4676897.633513136,10.5,341.2,机动船在航,true,true,-1,38.686733333333336,122.08526666666668
2018-04-04 00:00:45,1.3672612927548165E7,4351317.023377338,5.0,5.1,机动船在航,true,true,5,36.36757,122.82317166666668
2018-04-04 01:24:57,1.3384061304397948E7,4534885.038367846,11.1,320.9,在航,true,true,8,37.68402666666667,120.23106833333334
2018-04-04 01:45:58,1.335925152948485E7,4213672.746641723,1.2,153.8,在航,true,true,-1,35.36557333333333,120.00819833333334
2018-04-04 02:06:50,1.3801649471898638E7,4426449.16670638,9.0,356.8,机动船在航,true,true,-1,36.90913666666667,123.98232666666668
2018-04-04 02:28:55,1.3488387704779586E7,4230844.132027593,11.0,302.2,机动船在航,true,true,-1,35.491265,121.16824833333334
2018-04-04 03:45:28,1.338693872770247E7,4167859.078762357,10.1,313.3,机动船在航,true,true,-1,35.029266666666665,120.25691666666668
2018-04-04 04:50:43,1.3339837410290502E7,4203056.8027946735,1.7,265.2,在航,true,true,-1,35.28776833333333,119.83379833333332
2018-04-04 05:25:00,1.3551741853379851E7,4725808.035285162,0.1,173.7,机动船在航,true,true,-1,39.02887166666667,121.73736833333334
2018-04-04 05:32:07,1.33326988624109E7,4197939.519828562,6.0,296.3,机动船在航,true,true,-1,35.250236666666666,119.76967166666668
2018-04-04 06:21:23,1.348579377511162E7,4211364.85450274,11.4,264.4,机动船在航,true,true,-1,35.348665,121.14494666666668
2018-04-04 06:37:01,1.3418126367308082E7,4312349.724948161,3.2,189.7,机动船在航,true,true,-1,36.08519,120.53708
2018-04-04 07:05:10,1.3402488019708956E7,4181479.79429893,13.3,281.7,机动船在航,true,true,-1,35.129398333333334,120.39659833333332
2018-04-04 07:49:00,1.3479364703453336E7,4234024.059153331,11.0,327.7,机动船在航,true,true,-1,35.51452,121.08719333333332
2018-04-04 07:52:20,1.3676079045426492E7,4405520.048156168,7.5,357.4,帆船在航,true,true,-1,36.75865833333334,122.85430833333334
2018-04-04 07:52:20,1.3678766483466726E7,4390746.753610724,9.7,358.6,机动船在航,true,true,-1,36.65226166666667,122.87845
2018-04-04 07:52:20,1.3672380640877372E7,4389969.290969281,4.2,5.4,机动船在航,true,true,-1,36.646658333333335,122.821085
2018-04-04 07:52:21,1.3678600617425444E7,4327199.439461674,5.6,344.2,机动船在航,true,true,7,36.19292,122.87696
2018-04-04 08:32:58,1.3549615836638188E7,4262490.963661085,12.3,295.0,机动船在航,true,true,-1,35.7224,121.71827
2018-04-04 08:40:20,1.3518510573455762E7,4964410.965082064,0.2,105.6,机动船在航,true,true,-1,40.674245,121.43884666666666
2018-04-04 08:41:06,1.3676843068198305E7,4381082.900683554,7.6,3.2,机动船在航,true,true,-1,36.58258333333333,122.86117166666666
2018-04-04 08:45:30,1.3482741394674066E7,4541746.000115735,2.2,170.7,在航,true,true,-1,37.73278666666667,121.11752666666666
2018-04-04 08:52:43,1.3480221677999962E7,4795243.934886137,6.4,52.6,机动船在航,true,true,-1,39.51175833333333,121.09489166666668
2018-04-04 09:01:58,1.3680302692439672E7,4243151.66652234,12.3,0.0,机动船在航,true,true,-1,35.58123333333333,122.89225
2018-04-04 09:10:27,1.339160115904186E7,4307758.199500414,0.1,122.0,机动船在航,true,true,3,36.05185,120.2988
2018-04-04 09:16:34,1.3394125699560564E7,4313628.096396451,6.5,246.4,在航,true,true,3,36.09447,120.32147833333332
2018-04-04 09:35:22,1.337045416644083E7,4209977.621848407,3.4,259.0,在航,true,true,-1,35.3385,120.10883333333334
2018-04-04 09:50:03,1.3480465282152314E7,4182401.081232754,9.8,275.8,机动船在航,true,true,-1,35.13616666666667,121.09708
2018-04-04 10:06:28,1.3729385311255278E7,4414649.323045495,11.6,1.0,机动船在航,true,true,-1,36.824333333333335,123.33316666666668
2018-04-04 10:10:26,1.343832232039276E7,4566919.740808681,3.2,178.0,在航,true,true,-1,37.91141833333333,120.71850333333332
2018-04-04 10:21:30,1.328819425765417E7,4173972.832268093,9.0,19.9,在航,true,true,4,35.07422666666667,119.36988
2018-04-04 10:37:11,1.3675191643552387E7,4329913.224760899,5.8,2.1,机动船在航,true,true,7,36.21259166666667,122.84633666666667
2018-04-04 10:38:28,1.366305113988647E7,4334957.486033284,4.3,22.4,机动船在航,true,true,5,36.249143333333336,122.73727666666667
2018-04-04 10:55:13,1.339686564329396E7,4184814.3494501016,10.1,279.5,机动船在航,true,true,-1,35.153893333333336,120.34609166666668
2018-04-04 11:27:23,1.329111305470277E7,4720654.609521806,9.2,214.9,机动船在航,true,true,-1,38.9929,119.3961
2018-04-04 12:11:45,1.3679629395052858E7,4281778.9370273305,8.5,358.6,机动船在航,true,true,-1,35.862943333333334,122.88620166666666
2018-04-04 12:30:04,1.310754350373497E7,4718776.122125241,5.1,115.0,在航,true,true,0,38.97978333333333,117.74706666666668
2018-04-04 12:30:09,1.3483496326354126E7,4694473.796351665,0.0,159.5,帆船在航,true,true,-1,38.809871666666666,121.12430833333332
2018-04-04 13:13:46,1.3653433692479383E7,4352940.84123141,6.4,325.6,机动船在航,true,true,-1,36.379315,122.65088166666666
2018-04-04 13:18:25,1.3158171608147748E7,4696470.9135893285,1.3,10.0,在航,true,true,-1,38.82385,118.20186666666666
2018-04-04 13:18:50,1.3189391530405693E7,4715159.044990323,0.0,159.9,机动船在航,true,true,1,38.95452,118.48232
2018-04-04 13:45:06,1.3326749392225455E7,4857776.628407763,0.0,169.8,机动船在航,true,true,-1,39.943785,119.71622666666669
2018-04-04 14:33:12,1.3676434896732062E7,4427769.527034786,7.9,2.8,机动船在航,true,true,-1,36.91862,122.857505
2018-04-04 14:41:26,1.3673246892048229E7,4379349.014248897,3.5,357.7,机动船在航,true,true,-1,36.570075,122.82886666666668
2018-04-04 15:11:33,1.3678797838456636E7,4267419.160648687,7.2,6.3,机动船在航,true,true,-1,35.75833333333333,122.87873166666668
2018-04-04 15:50:05,1.32491166636061E7,4748214.124307456,6.8,63.6,在航,true,true,-1,39.18505666666667,119.01884
2018-04-04 16:02:11,1.3673889947640045E7,4349817.853660414,7.3,6.1,机动船在航,true,true,5,36.356725,122.83464333333332
2018-04-04 16:09:27,1.3118671742164604E7,4617224.740074254,0.0,0.0,机动船在航,true,true,2,38.26708333333333,117.84703333333331
2018-04-04 16:32:10,1.372889365017094E7,4223814.5474666655,11.6,357.0,机动船在航,true,true,-1,35.43983333333333,123.32875
2018-04-04 16:48:24,1.3635381938319864E7,4263138.176956996,8.3,351.8,机动船在航,true,true,-1,35.72712,122.48872
2018-04-04 16:54:54,1.3119183811822254E7,4618333.080888402,2.4,30.3,在航,true,true,2,38.2749,117.85163333333334
2018-04-04 17:37:53,1.3678933648235405E7,4297452.712832032,10.8,357.3,机动船在航,true,true,-1,35.97696833333333,122.87995166666668
2018-04-04 17:47:05,1.36647085015719E7,4180955.096518936,5.7,356.0,机动船在航,true,true,-1,35.12554333333333,122.752165
2018-04-04 17:58:27,1.376436616250967E7,4361823.757402672,17.6,354.9,机动船在航,true,true,-1,36.443533333333335,123.647405
2018-04-04 18:02:53,1.3526309060383284E7,4164050.562375196,12.2,320.9,机动船在航,true,true,-1,35.00124666666667,121.50890166666667
2018-04-04 18:50:37,1.3668450877319882E7,4259077.273749469,5.7,356.8,机动船在航,true,true,-1,35.6975,122.78578333333331
2018-04-04 19:14:14,1.3727190461961802E7,4411956.409914282,12.2,355.0,机动船在航,true,true,-1,36.804966666666665,123.31345
2018-04-04 19:25:33,1.342611038672026E7,4583020.726312778,9.5,98.4,在航,true,true,-1,38.025443333333335,120.60880166666666
2018-04-04 22:52:58,1.3658721739357036E7,4487415.914640594,8.9,151.7,机动船在航,true,true,-1,37.34579166666666,122.698385
2018-04-05 00:34:44,1.3406623538791925E7,4866114.239768319,10.8,221.4,机动船在航,true,true,-1,40.00118333333333,120.43374833333333
2018-04-05 01:46:52,1.3683376965710416E7,4312723.486044661,12.4,358.6,机动船在航,true,true,-1,36.08790333333334,122.91986666666666
2018-04-05 02:25:05,1.3672201416497191E7,4346796.879101842,11.1,3.1,机动船在航,true,true,5,36.33486666666667,122.819475
2018-04-05 03:35:21,1.3684847681716276E7,4215381.51243033,14.3,0.4,机动船在航,true,true,-1,35.37809,122.93307833333331
2018-04-05 03:37:00,1.3209562622137433E7,4710577.865379535,0.2,209.0,机动船在航,true,true,-1,38.92251,118.66352
2018-04-05 04:22:37,1.3665701471429773E7,4203623.010548713,102.3,360.0,机动船在航,true,true,-1,35.29192,122.761085
2018-04-05 04:30:10,1.369722826441734E7,4537123.453987703,11.3,291.8,机动船在航,true,true,-1,37.699938333333336,123.044295
2018-04-05 04:35:05,1.367946408560903E7,4460000.611933337,8.5,286.5,机动船在航,true,true,-1,37.14975,122.88471666666666
2018-04-05 04:39:23,1.3121265486300085E7,4629088.292981142,0.2,338.2,机动船在航,true,true,-1,38.35070833333333,117.87033333333332
2018-04-05 04:59:58,1.3670075214223042E7,4221011.62093015,13.2,4.3,机动船在航,true,true,-1,35.41931666666667,122.800375
2018-04-05 05:10:03,1.3149084227049325E7,4746902.02163517,3.9,211.3,机动船在航,true,true,-1,39.17592,118.12023333333332
2018-04-05 05:19:47,1.3679698969734604E7,4333195.8322522985,11.0,1.4,机动船在航,true,true,7,36.23638,122.88682666666666
2018-04-05 06:25:08,1.3682760070198936E7,4208265.14540095,11.6,0.0,机动船在航,true,true,-1,35.32595,122.914325
2018-04-05 06:40:16,1.3464068848820884E7,4164068.682133438,12.7,280.9,机动船在航,true,true,-1,35.00138,120.94978833333332
2018-04-05 06:50:07,1.356492894579171E7,4669721.29944967,2.2,65.0,机动船在航,true,true,-1,38.636395,121.85583
2018-04-05 07:23:07,1.367406045199344E7,4397156.385788773,11.0,6.2,机动船在航,true,true,-1,36.69844166666667,122.836175
2018-04-05 08:01:10,1.3471164538696537E7,4231518.647244927,8.7,332.1,机动船在航,true,true,-1,35.49619833333333,121.01353
2018-04-05 09:08:09,1.3591240049570637E7,4902462.600996056,2.5,339.1,机动船在航,true,true,-1,40.25085166666667,122.09218666666666
2018-04-05 09:46:00,1.3392851647988437E7,4311997.556456232,5.0,98.2,在航,true,true,3,36.08263333333333,120.31003333333334
2018-04-05 10:08:00,1.3257585479400683E7,4480961.508314849,9.4,75.6,机动船在航,true,true,-1,37.29968333333333,119.09491666666666
2018-04-05 10:18:37,1.3439692477791946E7,4554924.321689027,0.0,197.6,机动船在航,true,true,-1,37.82635333333333,120.73081166666668
2018-04-05 10:28:44,1.368294838567086E7,4218172.990848917,10.7,0.0,机动船在航,true,true,-1,35.39853333333333,122.91601666666666
2018-04-05 10:42:18,1.3287979967634393E7,4176795.369219949,0.0,304.0,机动船在航,true,true,4,35.094975,119.367955
2018-04-05 11:01:48,1.368638036557202E7,4208293.570794653,10.2,357.9,机动船在航,true,true,-1,35.32615833333333,122.94684666666669
2018-04-05 11:41:04,1.3670718084282374E7,4325717.641387727,11.4,1.9,机动船在航,true,true,7,36.18217666666666,122.80615
2018-04-05 12:13:22,1.3149846765561258E7,4623091.558207763,0.0,50.0,机动船在航,true,true,-1,38.30845,118.12708333333332
2018-04-05 13:03:07,1.351647565316406E7,4886181.403006494,0.2,96.0,机动船在航,true,true,-1,40.13913333333333,121.42056666666667
2018-04-05 13:26:10,1.371537445461155E7,4530854.1940064775,11.0,301.4,机动船在航,true,true,-1,37.655365,123.207305
2018-04-05 14:01:45,1.331814383898968E7,4199896.937482197,3.1,25.9,在航,true,true,-1,35.264595,119.63892166666666
2018-04-05 14:04:26,1.3727566907373168E7,4475081.447902957,9.8,11.7,机动船在航,true,true,-1,37.25765333333333,123.31683166666669
2018-04-05 15:26:33,1.3719967682334164E7,4503949.47534449,7.4,344.3,机动船在航,true,true,-1,37.463773333333336,123.24856666666666
2018-04-05 15:34:05,1.3677381112403804E7,4412763.053639037,10.8,357.9,机动船在航,true,true,-1,36.810768333333336,122.866005
2018-04-05 15:51:20,1.3433439661994088E7,4608004.847851538,7.2,115.4,在航,true,true,-1,38.20202666666667,120.67464166666667
2018-04-05 16:09:36,1.3710589200767314E7,4551578.865903464,10.9,310.8,机动船在航,true,true,-1,37.80261166666666,123.16431833333333
2018-04-05 16:33:16,1.367201718273993E7,4335737.646887199,9.8,4.5,机动船在航,true,true,7,36.254795,122.81782
2018-04-05 16:35:06,1.3258079552407322E7,4745515.906478522,2.2,333.8,机动船在航,true,true,-1,39.166266666666665,119.099355
2018-04-05 16:45:53,1.3672011802297875E7,4352260.130536463,9.1,5.8,机动船在航,true,true,5,36.37439166666667,122.81777166666669
2018-04-05 18:20:19,1.3188335479503032E7,4713462.388713114,12.7,350.0,在航,true,true,1,38.94266666666667,118.47283333333333
2018-04-05 19:56:05,1.359009865372504E7,4903251.46228128,0.0,319.6,机动船在航,true,true,-1,40.25626,122.08193333333334
2018-04-05 20:55:46,1.367104313719549E7,4326045.660769724,9.1,1.5,机动船在航,true,true,7,36.184555,122.80907
2018-04-05 21:40:37,1.343886092119572E7,4568951.960187753,102.3,360.0,在航,true,true,-1,37.92582,120.72334166666668
2018-04-05 22:16:31,1.3652805479486344E7,4362989.218344539,8.5,341.3,机动船在航,true,true,-1,36.451955,122.64523833333334
2018-04-05 22:38:04,1.3372007815467332E7,4200145.076013063,8.3,298.9,机动船在航,true,true,-1,35.266415,120.12279
2018-04-05 22:41:42,1.3423129807354266E7,4309955.480420209,8.7,330.3,机动船在航,true,true,-1,36.06780666666667,120.58202666666666
2018-04-05 23:16:53,1.3494962233905835E7,4226397.014170022,10.7,316.0,机动船在航,true,true,-1,35.458731666666665,121.22730833333334
2018-04-05 23:53:27,1.3681907548431946E7,4364540.9792934,11.9,9.0,机动船在航,true,true,5,36.463166666666666,122.90666666666668
2018-04-05 23:54:33,1.367892567033856E7,4430821.37115382,11.7,359.5,机动船在航,true,true,-1,36.940535,122.87988
2018-04-06 00:04:29,1.3676198713879095E7,4444016.67387724,9.7,1.9,机动船在航,true,true,-1,37.03521666666666,122.85538333333334
2018-04-06 00:08:21,1.3746698831658356E7,4368589.485808047,11.2,4.3,机动船在航,true,true,-1,36.49241,123.48869666666668
2018-04-06 00:47:49,1.366855792956353E7,4247801.165544278,8.6,3.1,机动船在航,true,true,-1,35.615195,122.786745
2018-04-06 01:06:42,1.3368020907904577E7,4176629.384449837,9.7,311.7,机动船在航,true,true,-1,35.093755,120.086975
2018-04-06 01:08:50,1.3754424775384374E7,4297214.968849439,14.0,4.7,机动船在航,true,true,-1,35.97524,123.5581
2018-04-06 01:13:44,1.372373955774721E7,4340844.481479125,11.4,359.0,机动船在航,true,true,-1,36.29178,123.28245
2018-04-06 01:18:03,1.3671785267134111E7,4358253.662775429,8.9,359.4,机动船在航,true,true,5,36.41773,122.81573666666668
2018-04-06 01:20:06,1.3751587612629022E7,4249112.837636562,20.4,15.0,机动船在航,true,true,-1,35.62477333333333,123.53261333333332
2018-04-06 03:45:12,1.3674049134511877E7,4351048.830139781,8.6,3.1,帆船在航,true,true,5,36.36563,122.83607333333332
2018-04-06 03:46:24,1.3437098177059008E7,4568777.908923254,1.2,316.4,在航,true,true,-1,37.92458666666667,120.70750666666666
2018-04-06 03:50:46,1.3671295090309652E7,4351771.630797233,8.1,1.1,机动船在航,true,true,5,36.37085833333333,122.81133333333334
2018-04-06 04:28:24,1.364237595639392E7,4338697.986075136,9.7,357.1,机动船在航,true,true,-1,36.27623666666667,122.55154833333332
2018-04-06 04:38:59,1.3407882933297766E7,4195344.629848885,12.9,290.4,机动船在航,true,true,-1,35.23119833333333,120.44506166666666
2018-04-06 05:13:15,1.3642607315402286E7,4326206.3410318345,9.2,4.5,机动船在航,true,true,-1,36.18572,122.55362666666667
2018-04-06 05:30:34,1.3496398255337069E7,4241377.450145568,10.6,295.7,机动船在航,true,true,-1,35.56827,121.24020833333331
2018-04-06 06:20:45,1.3612288338889832E7,4501001.661187951,7.4,62.8,在航,true,true,-1,37.442751666666666,122.28126666666668
2018-04-06 07:35:08,1.3675617997202126E7,4360331.653865053,10.0,359.2,机动船在航,true,true,5,36.43275,122.85016666666668
2018-04-06 09:31:46,1.3363266081387827E7,4876455.257301143,8.2,184.7,在航,true,true,-1,40.07230666666667,120.04426166666669
2018-04-06 09:36:03,1.3638513541128363E7,4333502.916251474,11.6,17.8,机动船在航,true,true,-1,36.238605,122.51685166666668
2018-04-06 09:52:51,1.367961752097384E7,4379339.311743974,11.5,3.8,机动船在航,true,true,-1,36.570005,122.886095
2018-04-06 11:49:41,1.3671701406451046E7,4316880.266875497,8.9,0.4,机动船在航,true,true,7,36.118073333333335,122.81498333333332
2018-04-06 13:15:08,1.3547947157471197E7,4723971.335771326,0.0,256.6,机动船在航,true,true,6,39.01605333333333,121.70328
2018-04-06 13:47:58,1.368664716128495E7,4334880.876405833,14.3,354.2,机动船在航,true,true,-1,36.24858833333333,122.94924333333331
2018-04-06 15:16:03,1.370868637960469E7,4378129.108713467,9.9,353.5,机动船在航,true,true,-1,36.56127333333333,123.147225
2018-04-06 15:21:43,1.3722492408385357E7,4472872.0857523605,9.7,325.6,机动船在航,true,true,-1,37.241855,123.27124666666668
2018-04-06 15:23:01,1.3678152185410034E7,4347945.970329565,10.1,2.3,机动船在航,true,true,5,36.343181666666666,122.87293166666667
2018-04-06 15:32:51,1.3389372913901148E7,4315635.039977903,1.3,243.3,在航,true,true,-1,36.10903666666667,120.27878333333334
2018-04-06 15:45:20,1.3676365507582802E7,4323101.888001028,9.6,5.3,机动船在航,true,true,7,36.16320833333333,122.85688166666668
2018-04-06 15:52:46,1.360010738914226E7,4417809.382327063,0.0,343.0,机动船在航,true,true,-1,36.847053333333335,122.17184333333331
2018-04-06 16:36:05,1.3463915784521043E7,4450605.958687263,10.5,168.2,在航,true,true,-1,37.08245333333333,120.94841333333332
2018-04-06 16:56:39,1.338513627961404E7,4193312.849315389,12.8,294.9,机动船在航,true,true,-1,35.21628833333333,120.240725
2018-04-06 17:05:01,1.354455061427461E7,4716856.939556836,2.3,308.5,帆船在航,true,true,6,38.96638,121.67276833333334
2018-04-06 17:27:44,1.3314769003093794E7,4851362.649676763,6.9,141.1,在航,true,true,-1,39.89959666666667,119.608605
2018-04-06 17:52:54,1.3338767073386524E7,4861833.073396306,0.0,149.0,机动船在航,true,true,-1,39.971716666666666,119.82418333333334
2018-04-06 18:13:05,1.3387553211291645E7,4532075.916649048,0.0,0.0,失控,true,true,8,37.664053333333335,120.26243666666667
2018-04-06 19:14:36,1.3367521268923396E7,4177355.472771127,5.4,354.0,机动船在航,true,true,-1,35.099091666666666,120.08248666666668
2018-04-06 19:40:07,1.3715566851798138E7,4363491.376575956,9.9,0.0,机动船在航,true,true,-1,36.45558333333334,123.20903333333334
2018-04-06 19:44:29,1.3713602804915572E7,4370738.727029923,11.3,349.9,机动船在航,true,true,-1,36.50793,123.19139
2018-04-06 19:46:35,1.3674288842482053E7,4359397.292109124,7.6,8.6,机动船在航,true,true,5,36.42599666666667,122.83822666666669
2018-04-06 20:31:29,1.3385586566954298E7,4191170.413330088,11.3,264.7,机动船在航,true,true,-1,35.200563333333335,120.24477
2018-04-06 21:22:04,1.3678436421176525E7,4384626.632334663,10.6,3.4,机动船在航,true,true,-1,36.60814166666667,122.875485
2018-04-06 22:09:47,1.367690744797048E7,4326468.629684472,9.4,347.7,机动船在航,true,true,7,36.187621666666665,122.86175
2018-04-07 00:25:43,1.3666437478796404E7,4348265.913533224,6.5,9.2,机动船在航,true,true,5,36.34549666666667,122.76769666666668
2018-04-07 00:27:47,1.3821813884460928E7,4378562.446853959,1.7,342.9,机动船在航,true,true,-1,36.5644,124.16346666666666
2018-04-07 00:28:05,1.388573205181455E7,4573016.181633222,0.0,196.1,机动船在航,true,true,-1,37.95461333333333,124.73765333333333
2018-04-07 01:09:06,1.3487804947245285E7,4258001.291326687,10.3,321.1,机动船在航,true,true,-1,35.68965,121.16301333333334
2018-04-07 01:25:30,1.3677159586617123E7,4445703.011868051,8.9,0.8,机动船在航,true,true,-1,37.04730833333333,122.864015
2018-04-07 01:26:04,1.3726524029276917E7,4360268.007690784,11.3,2.0,机动船在航,true,true,-1,36.43229,123.30746333333332
2018-04-07 01:26:18,1.366925887129056E7,4259488.962129378,7.4,359.2,机动船在航,true,true,-1,35.70050333333333,122.79304166666668
2018-04-07 01:26:37,1.3401199311070535E7,4194750.228412568,11.9,279.7,机动船在航,true,true,-1,35.226836666666664,120.38502166666666
2018-04-07 01:43:23,1.3707012505528126E7,4404352.723168567,4.3,302.1,机动船在航,true,true,-1,36.750256666666665,123.13218833333332
2018-04-07 02:07:10,1.3293060032596745E7,4179946.3763920567,0.1,84.5,机动船在航,true,true,4,35.11813166666666,119.41359
2018-04-07 02:09:26,1.3732840111652046E7,4403271.88633664,11.2,4.2,机动船在航,true,true,-1,36.74247666666667,123.36420166666667
2018-04-07 02:21:03,1.3685401310650494E7,4356326.830467786,10.5,354.6,机动船在航,true,true,5,36.4038,122.93805166666668
2018-04-07 03:30:15,1.3673206074901603E7,4331537.959636347,10.5,4.6,机动船在航,true,true,7,36.22436666666667,122.8285
2018-04-07 04:34:41,1.338730867947687E7,4533173.315627102,0.1,88.1,帆船在航,true,true,8,37.67185666666666,120.26024
2018-04-07 05:57:28,1.3672065606718425E7,4324051.2636425365,10.0,1.9,机动船在航,true,true,7,36.17009333333333,122.818255
2018-04-07 06:10:05,1.3671867458024813E7,4343689.488433565,10.4,5.6,机动船在航,true,true,5,36.312376666666665,122.816475
2018-04-07 06:13:52,1.3738143372193435E7,4496171.91577924,7.7,341.4,机动船在航,true,true,-1,37.408296666666665,123.41184166666666
2018-04-07 07:05:22,1.367232164154725E7,4332641.493003699,10.1,4.3,机动船在航,true,true,7,36.23236333333333,122.820555
2018-04-07 07:16:51,1.37221085416746E7,4389116.968313926,11.3,359.1,机动船在航,true,true,-1,36.640515,123.26779833333332
2018-04-07 08:05:03,1.3160884093073413E7,4697602.1602143375,1.1,31.0,机动船在航,true,true,-1,38.83176666666667,118.22623333333334
2018-04-07 08:47:59,1.3661677828435052E7,4344538.90020202,10.4,45.5,机动船在航,true,true,-1,36.318525,122.72494
2018-04-07 08:51:28,1.333750359716602E7,4230466.102588507,8.1,317.9,机动船在航,true,true,-1,35.4885,119.81283333333332
2018-04-07 09:22:13,1.3739551749284452E7,4476840.831486174,11.6,0.6,机动船在航,true,true,-1,37.27023166666667,123.42449333333332
2018-04-07 09:58:23,1.3510084059067678E7,4590634.308010823,2.9,315.0,在航,true,true,-1,38.0793,121.36315
2018-04-07 10:55:26,1.324077939034314E7,4591411.201749701,0.0,260.8,机动船在航,true,true,-1,38.08479333333333,118.943945
2018-04-07 12:44:53,1.3544735033564355E7,4713434.479276148,5.5,183.3,机动船在航,true,true,6,38.94247166666667,121.674425
2018-04-07 12:48:01,1.3118817941762516E7,4617571.172382633,0.0,360.0,机动船在航,true,true,-1,38.26952666666666,117.84834666666669
2018-04-07 13:46:50,1.3541942955202771E7,4254648.377677022,9.9,291.8,机动船在航,true,true,-1,35.66518333333333,121.64934333333332
2018-04-07 14:05:36,1.3378649878418E7,4179554.2093318338,9.1,289.8,机动船在航,true,true,-1,35.11525,120.18245666666668
2018-04-07 14:30:20,1.3575926569352144E7,4292827.612401394,14.8,266.9,机动船在航,true,true,-1,35.94333833333334,121.95462333333332
2018-04-07 14:40:40,1.3683528360217895E7,4360715.84494169,12.4,3.1,机动船在航,true,true,-1,36.43552666666667,122.92122666666668
2018-04-07 15:02:17,1.361635929266814E7,4370128.669869125,9.5,41.5,机动船在航,true,true,-1,36.503525,122.31783666666666
2018-04-07 15:14:05,1.3410301534767736E7,4512966.334936797,0.7,306.5,机动船在航,true,true,-1,37.528038333333335,120.46678833333333
2018-04-07 15:55:27,1.3532071884889169E7,4890988.817310674,0.2,304.7,机动船在航,true,true,-1,40.17214,121.56067
2018-04-07 16:00:01,1.3392606188511234E7,4228113.452219482,6.6,68.2,机动船在航,true,true,-1,35.47129,120.30782833333332
2018-04-07 16:12:59,1.3454984065177243E7,4203671.654399985,9.6,52.8,机动船在航,true,true,-1,35.292276666666666,120.86817833333332
2018-04-07 16:45:14,1.3515108278752146E7,4204797.796747207,11.7,317.0,机动船在航,true,true,-1,35.300533333333334,121.40828333333332
2018-04-07 16:45:21,1.3292332003126957E7,4176948.431147446,0.3,128.0,机动船在航,true,true,4,35.0961,119.40705
2018-04-07 17:26:18,1.3548905989351897E7,4254964.439550374,13.1,303.6,机动船在航,true,true,-1,35.66749,121.71189333333334
2018-04-07 17:57:31,1.3734318805554746E7,4528153.927805409,11.3,291.6,机动船在航,true,true,-1,37.63615833333333,123.377485
2018-04-07 18:56:32,1.3672264497541975E7,4329817.565050573,10.9,0.3,机动船在航,true,true,7,36.21189833333333,122.82004166666668
2018-04-07 18:59:45,1.3542567643078612E7,4231324.9477576185,16.4,314.9,机动船在航,true,true,-1,35.49478166666667,121.654955
2018-04-07 20:31:24,1.3741990573795252E7,4475692.431475686,16.4,342.2,机动船在航,true,true,-1,37.26202166666667,123.44640166666667
2018-04-07 21:10:15,1.3478309394680616E7,4244182.614030597,6.5,323.7,机动船在航,true,true,-1,35.588765,121.07771333333334
2018-04-07 21:56:08,1.3682861185403071E7,4327621.9937515175,14.5,1.0,机动船在航,true,true,-1,36.19598333333333,122.91523333333332
2018-04-07 22:24:41,1.3715641806921937E7,4816167.020463894,0.1,0.0,机动船在航,true,true,-1,39.65661333333333,123.20970666666666
2018-04-07 22:37:28,1.3675451017965935E7,4376882.088962991,10.8,4.2,机动船在航,true,true,-1,36.552275,122.84866666666667
2018-04-07 22:45:03,1.3767955473957812E7,4530820.682432476,17.1,306.0,机动船在航,true,true,-1,37.65512666666667,123.67964833333332
2018-04-07 22:55:45,1.3721588123055149E7,4502237.197649316,13.1,326.3,机动船在航,true,true,-1,37.45156333333333,123.26312333333334
